season,week,team,player,label,pos,targets,team_targets,tgt_share,rz_targets,drops,rec,rec_yds,rec_td,snaps,team_snaps,snap_pct,prior_tgt_share,prior_snap_pct,prior_games,carries,team_carries,rush_share,bf_share,rush_yds,rush_td,rz_carries,i10_carries,gl_carries,hvt,wopp,xfp,fp
2026,4,ARI,Michael Wilson,M Wilson,WR,13,35,0.3714,4,0,7,95,0,62,66,0.94,0.2661,0.9067,3,0,24,0.0,,0,0,0,0,0,7,20.7,23.9,16.5
2026,4,ARI,Trey McBride,T McBride,TE,12,35,0.3429,1,0,7,31,0,64,66,0.97,0.3187,0.8633,3,0,24,0.0,,0,0,0,0,0,7,19.1,18.6,10.1
2026,4,ARI,Marvin Harrison Jr.,M Harrison,WR,4,35,0.1143,2,0,1,12,1,43,66,0.65,0.0732,0.7667,3,0,24,0.0,,0,0,0,0,0,1,6.4,10.2,8.2
2026,4,ARI,Tyler Allgeier,T Allgeier,RB,2,35,0.0571,0,0,2,7,0,36,66,0.55,0.0703,0.53,3,8,24,0.3333,0.4,42,1,2,1,1,3,9.6,8.6,12.9
2026,4,ARI,Elijah Higgins,E Higgins,TE,2,35,0.0571,1,0,2,19,1,24,66,0.36,0.02,0.31,3,0,24,0.0,,0,0,0,0,0,2,3.2,5.8,9.9
2026,4,ARI,Jeremiyah Love,J Love,RB,1,35,0.0286,0,0,1,-8,0,30,66,0.45,0.1078,0.49,3,14,24,0.5833,0.6,63,0,1,0,0,1,9.7,8.4,6.5
2026,4,ARI,Hunter Long,H Long,TE,1,35,0.0286,0,0,1,10,0,20,66,0.3,0.0067,0.33,3,0,24,0.0,,0,0,0,0,0,1,1.6,1.6,2.0
2026,4,ARI,Jacoby Brissett,J Brissett,QB,0,35,0.0,0,0,0,0,0,66,66,1.0,0.0,1.0,3,2,24,0.0833,,10,0,1,0,0,0,1.2,22.4,10.4
2026,4,ARI,Kendrick Bourne,K Bourne,WR,0,35,0.0,0,0,0,0,0,42,66,0.64,0.1305,0.6067,3,0,24,0.0,,0,0,0,0,0,0,0.0,,
2026,4,ARI,Jalen Brooks,J Brooks,WR,0,35,0.0,0,0,0,0,0,3,66,0.05,0.0067,0.0467,3,0,24,0.0,,0,0,0,0,0,0,0.0,,
2026,4,ATL,Drake London,D London,WR,6,20,0.3,0,0,5,96,0,51,57,0.89,0.2689,0.8433,3,0,33,0.0,,0,0,0,0,0,5,9.5,11.3,14.6
2026,4,ATL,Jahan Dotson,J Dotson,WR,3,20,0.15,0,0,2,54,1,36,57,0.63,0.1391,0.68,3,0,33,0.0,,0,0,0,0,0,2,4.8,7.5,13.4
2026,4,ATL,Kyle Pitts,K Pitts,TE,3,20,0.15,0,0,3,47,0,29,57,0.51,0.0788,0.5333,3,0,33,0.0,,0,0,0,0,0,3,4.8,4.8,7.7
2026,4,ATL,Bijan Robinson,B Robinson,RB,2,20,0.1,1,0,1,2,0,34,57,0.6,0.2474,0.6667,3,19,33,0.5758,0.5833,145,2,6,1,1,2,16.0,17.3,27.7
2026,4,ATL,Zachariah Branch,Z Branch,WR,2,20,0.1,0,0,2,10,0,13,57,0.23,0.0505,0.2267,3,0,33,0.0,,0,0,0,0,0,2,3.2,3.1,3.0
2026,4,ATL,Charlie Woerner,C Woerner,TE,1,20,0.05,1,0,0,0,0,33,57,0.58,0.0108,0.5733,3,0,33,0.0,,0,0,0,0,0,0,1.6,2.1,0.0
2026,4,ATL,Brian Robinson,B Robinson,RB,1,20,0.05,1,0,1,5,0,24,57,0.42,0.0215,0.3333,3,14,33,0.4242,0.4167,62,3,4,2,1,3,11.5,12.0,25.7
2026,4,ATL,Olamide Zaccheaus,O Zaccheaus,WR,1,20,0.05,1,0,0,0,0,21,57,0.37,0.0788,0.3567,3,0,33,0.0,,0,0,0,0,0,0,1.6,1.7,0.0
2026,4,ATL,Austin Hooper,A Hooper,TE,1,20,0.05,0,0,1,9,0,13,57,0.23,0.072,0.2967,3,0,33,0.0,,0,0,0,0,0,1,1.6,1.4,1.9
2026,4,ATL,Nick Muse,N Muse,TE,0,20,0.0,0,0,0,0,0,17,57,0.3,0.0,0.1733,3,0,33,0.0,,0,0,0,0,0,0,0.0,,
2026,4,ATL,Chris Blair,C Blair,WR,0,20,0.0,0,0,0,0,0,14,57,0.25,0.0323,0.28,3,0,33,0.0,,0,0,0,0,0,0,0.0,,
2026,4,BAL,Zay Flowers,Z Flowers,WR,10,29,0.3448,2,1,8,118,1,47,64,0.73,0.275,0.31,2,0,26,0.0,,0,0,0,0,0,8,15.9,16.4,25.8
2026,4,BAL,Mark Andrews,M Andrews,TE,6,29,0.2069,2,0,5,27,1,37,64,0.58,0.2471,0.65,3,0,26,0.0,,0,0,0,0,0,5,9.5,13.6,13.7
2026,4,BAL,Justice Hill,J Hill,RB,3,29,0.1034,0,0,2,22,0,24,64,0.38,0.0369,0.42,3,1,26,0.0385,0.1379,3,0,0,0,0,2,5.4,4.5,4.5
2026,4,BAL,Devontez Walker,D Walker,WR,2,29,0.069,0,1,1,19,0,44,64,0.69,0.0595,0.28,2,0,26,0.0,,0,0,0,0,0,1,3.2,3.6,2.9
2026,4,BAL,Derrick Henry,D Henry,RB,2,29,0.069,0,0,2,6,0,40,64,0.62,0.065,0.58,3,23,26,0.8846,0.8621,73,1,3,3,2,5,20.1,19.2,15.9
2026,4,BAL,Matthew Hibner,M Hibner,TE,2,29,0.069,0,0,2,34,0,37,64,0.58,0.0472,0.39,3,0,26,0.0,,0,0,0,0,0,2,3.2,3.6,5.4
2026,4,BAL,Rashod Bateman,R Bateman,WR,2,29,0.069,0,0,2,46,0,30,64,0.47,0.1673,0.8633,3,0,26,0.0,,0,0,0,0,0,2,3.2,3.7,6.6
2026,4,BAL,Elijah Sarratt,E Sarratt,WR,2,29,0.069,0,0,1,13,0,23,64,0.36,,,0,0,26,0.0,,0,0,0,0,0,1,3.2,3.1,2.3
2026,4,BAL,Lamar Jackson,L Jackson,QB,0,29,0.0,0,0,0,0,0,33,64,0.52,0.0,1.0,3,1,26,0.0385,,3,0,0,0,0,0,0.6,12.4,18.9
2026,4,BAL,Tyler Huntley,T Huntley,QB,0,29,0.0,0,0,0,0,0,31,64,0.48,,,0,1,26,0.0385,,9,0,0,0,0,0,0.6,3.5,4.1
2026,4,BAL,Josh Cuevas,J Cuevas,TE,0,29,0.0,0,0,0,0,0,18,64,0.28,0.0167,0.1433,3,0,26,0.0,,0,0,0,0,0,0,0.0,,
2026,4,BAL,Durham Smythe,D Smythe,TE,0,29,0.0,0,0,0,0,0,18,64,0.28,0.0254,0.5667,3,0,26,0.0,,0,0,0,0,0,0,0.0,,
2026,4,BAL,LaJohntay Wester,L Wester,WR,0,29,0.0,0,0,0,0,0,2,64,0.03,0.0508,0.33,3,0,26,0.0,,0,0,0,0,0,0,0.0,,
2026,4,BUF,Khalil Shakir,K Shakir,WR,8,30,0.2667,1,1,7,82,0,45,59,0.76,0.1813,0.5833,3,0,19,0.0,,0,0,0,0,0,7,12.7,11.9,13.2
2026,4,BUF,Keon Coleman,K Coleman,WR,7,30,0.2333,1,0,6,116,1,46,59,0.78,0.109,0.5733,3,0,19,0.0,,0,0,0,0,0,6,11.1,15.4,23.6
2026,4,BUF,Josh Palmer,J Palmer,WR,4,30,0.1333,0,1,1,3,0,35,59,0.59,0.0595,0.3367,3,0,19,0.0,,0,0,0,0,0,1,6.4,8.7,1.3
2026,4,BUF,Dawson Knox,D Knox,TE,2,30,0.0667,0,0,2,13,0,36,59,0.61,0.0485,0.71,3,0,19,0.0,,0,0,0,0,0,2,3.2,3.0,3.3
2026,4,BUF,James Cook,J Cook,RB,2,30,0.0667,0,0,2,8,0,35,59,0.59,0.0962,0.71,3,12,19,0.6316,0.7368,75,1,4,3,0,5,10.1,10.1,16.3
2026,4,BUF,Dalton Kincaid,D Kincaid,TE,2,30,0.0667,0,0,1,7,0,35,59,0.59,0.2051,0.6833,3,0,19,0.0,,0,0,0,0,0,1,3.2,3.3,1.7
2026,4,BUF,DJ Moore,D Moore,WR,2,30,0.0667,1,0,1,11,0,23,59,0.39,0.2234,0.57,3,1,19,0.0526,,6,0,0,0,0,1,3.8,3.9,2.7
2026,4,BUF,Ty Johnson,T Johnson,RB,2,30,0.0667,0,0,2,9,0,19,59,0.32,0.1538,0.23,1,1,19,0.0526,0.1579,3,0,0,0,0,2,3.8,3.7,3.2
2026,4,BUF,Ray Davis,R Davis,RB,1,30,0.0333,0,0,1,4,0,4,59,0.07,0.0,0.1033,3,1,19,0.0526,0.1053,3,0,0,0,0,1,2.2,1.8,1.7
2026,4,BUF,Josh Allen,J Allen,QB,0,30,0.0,0,0,0,0,0,59,59,1.0,0.0128,1.0,3,4,19,0.2105,,0,1,2,1,1,1,4.1,20.3,18.5
2026,4,BUF,Jackson Hawes,J Hawes,TE,0,30,0.0,0,0,0,0,0,14,59,0.24,0.0128,0.4367,3,0,19,0.0,,0,0,0,0,0,0,0.0,,
2026,4,BUF,Greg Dortch,G Dortch,WR,0,30,0.0,0,0,0,0,0,2,59,0.03,0.0,0.065,2,0,19,0.0,,0,0,0,0,0,0,0.0,,
2026,4,BUF,Keleki Latu,K Latu,TE,0,30,0.0,0,0,0,0,0,1,59,0.02,0.0,0.0667,3,0,19,0.0,,0,0,0,0,0,0,0.0,,
2026,4,CAR,Tetairoa McMillan,T McMillan,WR,16,39,0.4103,1,0,14,192,2,67,75,0.89,0.2223,0.8567,3,0,25,0.0,,0,0,0,0,0,14,25.4,27.4,45.2
2026,4,CAR,Darren Waller,D Waller,TE,6,39,0.1538,2,0,3,36,0,40,75,0.53,0.1143,0.4333,3,0,25,0.0,,0,0,0,0,0,3,9.5,11.8,6.6
2026,4,CAR,John Metchie III,J Metchie,WR,5,39,0.1282,0,0,3,37,0,28,75,0.37,0.0595,0.335,2,0,25,0.0,,0,0,0,0,0,3,8.0,8.8,6.7
2026,4,CAR,Tommy Tremble,T Tremble,TE,4,39,0.1026,0,0,4,12,0,38,75,0.51,0.1016,0.5333,3,0,25,0.0,,0,0,0,0,0,4,6.4,5.9,5.2
2026,4,CAR,Brycen Tremayne,B Tremayne,WR,3,39,0.0769,0,1,2,32,0,69,75,0.92,0.0476,0.3867,3,0,25,0.0,,0,0,0,0,0,2,4.8,5.3,5.2
2026,4,CAR,Chuba Hubbard,C Hubbard,RB,2,39,0.0513,0,0,1,7,0,63,75,0.84,0.082,0.7333,3,20,25,0.8,0.7857,122,2,2,1,1,2,16.6,14.9,25.9
2026,4,CAR,Mitchell Evans,M Evans,TE,1,39,0.0256,0,0,1,8,0,46,75,0.61,0.0538,0.4167,3,0,25,0.0,,0,0,0,0,0,1,1.6,1.8,1.8
2026,4,CAR,AJ Dillon,A Dillon,RB,1,39,0.0256,0,0,1,5,0,11,75,0.15,0.0079,0.1067,3,5,25,0.2,0.2143,2,0,1,0,0,1,4.5,4.2,1.7
2026,4,CAR,Ja'Seem Reed,J Reed,WR,1,39,0.0256,1,0,0,0,0,10,75,0.13,,,0,0,25,0.0,,0,0,0,0,0,0,1.6,3.2,0.0
2026,4,CAR,Anthony Tyus III,A Tyus,RB,0,39,0.0,0,0,0,0,0,2,75,0.03,,,0,0,25,0.0,0.0,0,0,0,0,0,0,0.0,,
2026,4,CAR,David Moore,D Moore,WR,0,39,0.0,0,0,0,0,0,1,75,0.01,0.0476,0.06,1,0,25,0.0,,0,0,0,0,0,0,0.0,,
2026,4,CHI,Colston Loveland,C Loveland,TE,9,31,0.2903,2,0,6,57,0,86,93,0.92,0.0982,0.84,3,0,50,0.0,,0,0,0,0,0,6,14.3,18.9,11.7
2026,4,CHI,Rome Odunze,R Odunze,WR,7,31,0.2258,0,0,6,94,0,83,93,0.89,0.1417,0.7233,3,0,50,0.0,,0,0,0,0,0,6,11.1,12.1,15.4
2026,4,CHI,Luther Burden III,L Burden,WR,6,31,0.1935,0,0,4,63,0,52,93,0.56,0.2497,0.6367,3,1,50,0.02,,11,0,0,0,0,4,10.1,11.5,11.4
2026,4,CHI,Cole Kmet,C Kmet,TE,2,31,0.0645,0,0,2,13,0,68,93,0.73,0.0594,0.62,3,0,50,0.0,,0,0,0,0,0,2,3.2,3.2,3.3
2026,4,CHI,Kalif Raymond,K Raymond,WR,2,31,0.0645,0,0,2,6,0,47,93,0.51,0.2396,0.6567,3,0,50,0.0,,0,0,0,0,0,2,3.2,3.0,2.6
2026,4,CHI,D'Andre Swift,D Swift,RB,2,31,0.0645,0,0,2,16,0,33,93,0.35,0.0978,0.6467,3,15,50,0.3,0.3208,58,0,5,3,2,5,15.5,16.2,7.4
2026,4,CHI,Kyle Monangai,K Monangai,RB,1,31,0.0323,0,0,1,4,0,50,93,0.54,0.0479,0.36,3,30,50,0.6,0.5849,146,2,8,7,6,8,29.7,29.9,28.0
2026,4,CHI,Sam Roush,S Roush,TE,1,31,0.0323,0,0,1,8,0,23,93,0.25,0.0431,0.2167,3,0,50,0.0,,0,0,0,0,0,1,1.6,1.5,1.8
2026,4,CHI,Roschon Johnson,R Johnson,RB,1,31,0.0323,1,0,1,7,0,10,93,0.11,0.0,0.01,1,4,50,0.08,0.0943,16,0,2,1,1,2,5.7,4.9,3.3
2026,4,CHI,Zavion Thomas,Z Thomas,WR,0,31,0.0,0,0,0,0,0,9,93,0.1,0.0147,0.07,2,0,50,0.0,,0,0,0,0,0,0,0.0,,
2026,4,CHI,Jahdae Walker,J Walker,WR,0,31,0.0,0,0,0,0,0,2,93,0.02,0.0128,0.2,3,0,50,0.0,,0,0,0,0,0,0,0.0,,
2026,4,CIN,Tee Higgins,T Higgins,WR,16,53,0.3019,1,0,11,157,0,60,76,0.79,0.2294,0.79,3,0,13,0.0,,0,0,0,0,0,11,25.4,26.8,26.7
2026,4,CIN,Chase Brown,C Brown,HB,11,53,0.2075,0,0,11,71,0,60,76,0.79,0.1306,0.7067,3,9,13,0.6923,,10,0,1,0,0,11,22.7,20.3,19.1
2026,4,CIN,Dohnte Meyers,D Meyers,WR,9,53,0.1698,0,0,7,82,0,68,76,0.89,0.0656,0.3,3,0,13,0.0,,0,0,0,0,0,7,14.3,13.7,15.2
2026,4,CIN,Mitchell Tinsley,M Tinsley,WR,7,53,0.1321,3,1,3,49,0,40,76,0.53,,,0,0,13,0.0,,0,0,0,0,0,3,11.1,11.8,7.9
2026,4,CIN,Mike Gesicki,M Gesicki,TE,5,53,0.0943,1,0,3,40,1,47,76,0.62,0.0957,0.3967,3,0,13,0.0,,0,0,0,0,0,3,8.0,10.1,13.0
2026,4,CIN,Ja'Marr Chase,J Chase,WR,3,53,0.0566,0,0,3,27,0,15,76,0.2,0.2441,0.94,3,0,13,0.0,,0,0,0,0,0,3,4.8,4.8,5.7
2026,4,CIN,Tanner Hudson,T Hudson,TE,1,53,0.0189,1,0,1,2,0,31,76,0.41,0.0417,0.16,2,0,13,0.0,,0,0,0,0,0,1,1.6,1.7,1.2
2026,4,CIN,Samaje Perine,S Perine,HB,1,53,0.0189,0,1,0,0,0,27,76,0.36,0.0672,0.3333,3,3,13,0.2308,,7,0,1,0,0,0,3.3,3.0,0.7
2026,4,CIN,Joe Burrow,J Burrow,QB,0,53,0.0,0,0,0,0,0,76,76,1.0,0.0,1.0,3,1,13,0.0769,,1,1,1,1,1,1,2.4,26.0,23.7
2026,4,CIN,Drew Sample,D Sample,TE,0,53,0.0,0,0,0,0,0,20,76,0.26,0.0474,0.59,3,0,13,0.0,,0,0,0,0,0,0,0.0,,
2026,4,CIN,Erick All,E All,TE,0,53,0.0,0,0,0,0,0,12,76,0.16,0.0323,0.3133,3,0,13,0.0,,0,0,0,0,0,0,0.0,,
2026,4,CLE,KC Concepcion,K Concepcion,WR,8,33,0.2424,1,0,5,64,0,59,64,0.92,0.2424,0.7367,3,0,23,0.0,,0,0,0,0,0,5,12.7,11.8,11.4
2026,4,CLE,Denzel Boston,D Boston,WR,7,33,0.2121,0,0,4,89,0,61,64,0.95,0.1828,0.9133,3,0,23,0.0,,0,0,0,0,0,4,11.1,11.9,12.9
2026,4,CLE,Quinshon Judkins,Q Judkins,RB,7,33,0.2121,2,0,6,43,0,42,64,0.66,0.1081,0.61,3,17,23,0.7391,0.8276,53,1,3,2,2,8,24.6,24.5,21.6
2026,4,CLE,Harold Fannin Jr.,H Fannin,TE,5,33,0.1515,1,0,3,27,1,57,64,0.89,0.2121,0.8467,3,0,23,0.0,,0,0,0,0,0,3,8.0,9.5,11.7
2026,4,CLE,Jerry Jeudy,J Jeudy,WR,3,33,0.0909,0,0,3,36,0,24,64,0.38,0.0717,0.5767,3,0,23,0.0,,0,0,0,0,0,3,4.8,4.7,6.6
2026,4,CLE,Raheim Sanders,R Sanders,RB,2,33,0.0606,0,0,2,7,0,22,64,0.34,0.1121,0.3233,3,2,23,0.087,0.1379,9,0,0,0,0,2,4.3,3.7,3.6
2026,4,CLE,Isaiah Bond,I Bond,WR,1,33,0.0303,0,0,1,2,0,7,64,0.11,0.0111,0.0933,3,0,23,0.0,,0,0,0,0,0,1,1.6,0.8,1.2
2026,4,CLE,Deshaun Watson,D Watson,QB,0,33,0.0,0,0,0,0,0,64,64,1.0,0.0,0.9967,3,3,23,0.1304,,-4,0,0,0,0,0,1.7,16.2,12.9
2026,4,CLE,Blake Whiteheart,B Whiteheart,TE,0,33,0.0,0,0,0,0,0,22,64,0.34,0.0374,0.4167,3,0,23,0.0,,0,0,0,0,0,0,0.0,,
2026,4,CLE,Malachi Corley,M Corley,WR,0,33,0.0,0,0,0,0,0,14,64,0.22,0.0,0.01,1,0,23,0.0,,0,0,0,0,0,0,0.0,,
2026,4,CLE,Michael Burton,M Burton,FB,0,33,0.0,0,0,0,0,0,9,64,0.14,0.0111,0.1667,3,0,23,0.0,0.0,0,0,0,0,0,0,0.0,,
2026,4,CLE,Carsen Ryan,C Ryan,TE,0,33,0.0,0,0,0,0,0,1,64,0.02,0.0,0.02,1,0,23,0.0,,0,0,0,0,0,0,0.0,,
2026,4,CLE,Jaleel McLaughlin,J McLaughlin,RB,0,33,0.0,0,0,0,0,0,1,64,0.02,0.0167,0.1,2,1,23,0.0435,0.0345,28,1,0,0,0,0,0.6,0.4,8.8
2026,4,DAL,CeeDee Lamb,C Lamb,WR,21,43,0.4884,2,0,17,189,1,67,78,0.86,0.2523,0.7933,3,1,23,0.0435,,-6,0,0,0,0,17,34.0,37.5,41.3
2026,4,DAL,Javonte Williams,J Williams,RB,5,43,0.1163,0,0,5,21,0,58,78,0.74,0.1236,0.7567,3,19,23,0.8261,0.8276,62,3,7,6,5,11,27.9,26.6,31.3
2026,4,DAL,Ryan Flournoy,R Flournoy,WR,5,43,0.1163,1,0,4,37,0,58,78,0.74,0.1756,0.71,3,0,23,0.0,,0,0,0,0,0,4,8.0,7.0,7.7
2026,4,DAL,Jake Ferguson,J Ferguson,TE,4,43,0.093,0,0,3,11,0,55,78,0.71,0.1069,0.6833,3,0,23,0.0,,0,0,0,0,0,3,6.4,6.4,4.1
2026,4,DAL,George Pickens,G Pickens,WR,3,43,0.0698,0,0,2,75,0,67,78,0.86,0.2444,0.8167,3,0,23,0.0,,0,0,0,0,0,2,4.8,6.4,9.5
2026,4,DAL,Jonathan Mingo,J Mingo,WR,2,43,0.0465,0,0,0,0,0,14,78,0.18,0.0111,0.19,3,0,23,0.0,,0,0,0,0,0,0,3.2,3.2,0.0
2026,4,DAL,Brevyn Spann-Ford,B Spann-Ford,TE,1,43,0.0233,0,0,0,0,0,31,78,0.4,0.0306,0.3267,3,0,23,0.0,,0,0,0,0,0,0,1.6,1.6,0.0
2026,4,DAL,Tyler Goodson,T Goodson,RB,1,43,0.0233,0,0,0,0,0,16,78,0.21,0.025,0.15,1,3,23,0.1304,0.1379,12,0,0,0,0,0,3.3,3.0,1.2
2026,4,DAL,Hunter Luepke,H Luepke,FB,1,43,0.0233,0,0,1,2,0,9,78,0.12,0.0,0.1933,3,0,23,0.0,0.0345,0,0,0,0,0,1,1.6,1.1,1.2
2026,4,DAL,KaVontae Turpin,K Turpin,WR,0,43,0.0,0,0,0,0,0,8,78,0.1,0.0278,0.13,3,0,23,0.0,,0,0,0,0,0,0,0.0,,
2026,4,DAL,Luke Schoonmaker,L Schoonmaker,TE,0,43,0.0,0,0,0,0,0,6,78,0.08,0.0194,0.2433,3,0,23,0.0,,0,0,0,0,0,0,0.0,,
2026,4,DEN,RJ Harvey,R Harvey,RB,10,38,0.2632,0,0,10,68,0,29,66,0.44,0.187,0.435,2,7,20,0.35,0.5,25,0,0,0,0,10,20.0,17.3,19.3
2026,4,DEN,Courtland Sutton,C Sutton,WR,6,38,0.1579,0,0,1,4,0,48,66,0.73,0.183,0.7867,3,0,20,0.0,,0,0,0,0,0,1,9.5,9.4,1.4
2026,4,DEN,Jaylen Waddle,J Waddle,WR,6,38,0.1579,1,1,5,35,1,45,66,0.68,0.2272,0.6967,3,0,20,0.0,,0,0,0,0,0,5,9.5,9.3,14.5
2026,4,DEN,Evan Engram,E Engram,TE,5,38,0.1316,0,0,1,6,0,44,66,0.67,0.0947,0.5833,3,0,20,0.0,,0,0,0,0,0,1,8.0,7.4,1.6
2026,4,DEN,Pat Bryant,P Bryant,WR,3,38,0.0789,0,0,3,47,0,24,66,0.36,0.1071,0.65,3,0,20,0.0,,0,0,0,0,0,3,4.8,4.3,7.7
2026,4,DEN,Marvin Mims Jr.,M Mims,WR,3,38,0.0789,0,0,1,10,0,18,66,0.27,0.0,0.18,1,0,20,0.0,,0,0,0,0,0,1,4.8,3.7,2.0
2026,4,DEN,J.K. Dobbins,J Dobbins,RB,2,38,0.0526,0,0,2,12,0,21,66,0.32,0.0215,0.42,3,11,20,0.55,0.3824,40,0,0,0,0,2,9.6,8.2,7.2
2026,4,DEN,Tyler Badie,T Badie,RB,2,38,0.0526,0,0,2,32,0,12,66,0.18,0.0679,0.22,2,2,20,0.1,0.1176,7,0,0,0,0,2,4.3,4.2,7.9
2026,4,DEN,Adam Trautman,A Trautman,TE,1,38,0.0263,0,0,0,0,0,30,66,0.45,0.037,0.4733,3,0,20,0.0,,0,0,0,0,0,0,1.6,1.5,0.0
2026,4,DEN,Troy Franklin,T Franklin,WR,0,38,0.0,0,0,0,0,0,32,66,0.48,0.0461,0.24,3,0,20,0.0,,0,0,0,0,0,0,0.0,,
2026,4,DEN,Nate Adkins,N Adkins,TE,0,38,0.0,0,0,0,0,0,14,66,0.21,0.056,0.32,3,0,20,0.0,,0,0,0,0,0,0,0.0,,
2026,4,DEN,Adam Prentice,A Prentice,FB,0,38,0.0,0,0,0,0,0,7,66,0.11,0.0115,0.1033,3,0,20,0.0,0.0,0,0,0,0,0,0,0.0,,
2026,4,DET,Sam LaPorta,S LaPorta,TE,13,51,0.2549,4,0,8,84,1,56,71,0.79,0.1728,0.9033,3,0,15,0.0,,0,0,0,0,0,8,20.7,25.0,22.4
2026,4,DET,Amon-Ra St. Brown,A St. Brown,WR,11,51,0.2157,3,0,8,75,0,68,71,0.96,0.3197,0.8633,3,0,15,0.0,,0,0,0,0,0,8,17.5,19.7,15.5
2026,4,DET,Jameson Williams,J Williams,WR,8,51,0.1569,1,1,6,102,0,70,71,0.99,0.155,0.8767,3,0,15,0.0,,0,0,0,0,0,6,12.7,14.1,16.2
2026,4,DET,Isaac TeSlaa,I TeSlaa,WR,8,51,0.1569,1,0,4,95,0,58,71,0.82,0.0847,0.6367,3,0,15,0.0,,0,0,0,0,0,4,12.7,14.4,13.5
2026,4,DET,Jahmyr Gibbs,J Gibbs,RB,7,51,0.1373,1,1,4,22,0,62,71,0.87,0.1989,0.7533,3,15,15,1.0,0.9167,46,1,3,1,1,5,21.6,23.0,16.8
2026,4,DET,Brock Wright,B Wright,TE,2,51,0.0392,1,0,1,8,0,25,71,0.35,0.0301,0.45,3,0,15,0.0,,0,0,0,0,0,1,3.2,4.9,1.8
2026,4,DET,Sione Vaki,S Vaki,RB,2,51,0.0392,0,1,1,17,0,12,71,0.17,0.0281,0.2567,3,0,15,0.0,0.0833,0,0,0,0,0,1,3.2,3.1,2.7
2026,4,DET,Tom Kennedy,T Kennedy,WR,0,51,0.0,0,0,0,0,0,1,71,0.01,,,0,0,15,0.0,,0,0,0,0,0,0,0.0,,
2026,4,GB,Tucker Kraft,T Kraft,TE,7,30,0.2333,3,1,6,42,1,55,60,0.92,0.1368,0.8,3,1,22,0.0455,,3,0,1,1,0,7,11.7,15.7,16.5
2026,4,GB,Matthew Golden,M Golden,WR,7,30,0.2333,1,1,3,21,1,53,60,0.88,0.2474,0.8333,3,1,22,0.0455,,6,0,0,0,0,3,11.7,14.4,11.7
2026,4,GB,MarShawn Lloyd,M Lloyd,RB,5,30,0.1667,1,0,5,36,0,33,60,0.55,0.0509,0.3133,3,7,22,0.3182,0.48,13,0,3,2,1,7,13.8,13.7,9.9
2026,4,GB,Christian Watson,C Watson,WR,3,30,0.1,1,0,3,47,0,41,60,0.68,0.2585,0.82,3,0,22,0.0,,0,0,0,0,0,3,4.8,4.2,7.7
2026,4,GB,Mark Redman,M Redman,TE,2,30,0.0667,0,0,2,29,0,28,60,0.47,0.0,0.2567,3,0,22,0.0,,0,0,0,0,0,2,3.2,3.1,4.9
2026,4,GB,Skyy Moore,S Moore,WR,2,30,0.0667,1,1,1,-2,0,23,60,0.38,0.0886,0.3133,3,0,22,0.0,,0,0,0,0,0,1,3.2,3.0,0.8
2026,4,GB,Jonnu Smith,J Smith,TE,1,30,0.0333,0,0,1,19,0,13,60,0.22,0.0446,0.34,3,0,22,0.0,,0,0,0,0,0,1,1.6,2.0,2.9
2026,4,GB,Bo Melton,B Melton,WR,1,30,0.0333,0,1,0,0,0,11,60,0.18,0.0264,0.1967,3,0,22,0.0,,0,0,0,0,0,0,1.6,2.5,0.0
2026,4,GB,Chris Brooks,C Brooks,RB,1,30,0.0333,0,0,1,5,0,10,60,0.17,0.0379,0.4767,3,4,22,0.1818,0.2,30,0,2,2,1,3,5.7,6.7,4.5
2026,4,GB,J. Michael Sturdivant,J Sturdivant,WR,1,30,0.0333,0,0,0,0,0,2,60,0.03,0.0294,0.235,2,0,22,0.0,,0,0,0,0,0,0,1.6,2.0,0.0
2026,4,GB,Jordan Love,J Love,QB,0,30,0.0,0,0,0,0,0,60,60,1.0,0.0,1.0,3,1,22,0.0455,,4,0,0,0,0,0,0.6,16.9,13.1
2026,4,GB,Kaleb Johnson,K Johnson,RB,0,30,0.0,0,0,0,0,0,17,60,0.28,0.0294,0.315,2,8,22,0.3636,0.32,42,0,2,2,2,2,8.2,6.0,2.2
2026,4,GB,Josh Whyle,J Whyle,TE,0,30,0.0,0,0,0,0,0,14,60,0.23,0.0,0.09,2,0,22,0.0,,0,0,0,0,0,0,0.0,,
2026,4,HOU,Nico Collins,N Collins,WR,8,26,0.3077,1,0,7,118,2,38,55,0.69,0.2703,0.72,1,0,17,0.0,,0,0,0,0,0,7,12.7,17.9,30.8
2026,4,HOU,Xavier Hutchinson,X Hutchinson,WR,5,26,0.1923,0,0,3,46,0,17,55,0.31,0.1941,0.6367,3,0,17,0.0,,0,0,0,0,0,3,8.0,8.7,7.6
2026,4,HOU,Kayshon Boutte,K Boutte,WR,4,26,0.1538,0,0,3,36,0,34,55,0.62,0.078,0.6233,3,0,17,0.0,,0,0,0,0,0,3,6.4,7.1,6.6
2026,4,HOU,Jaylin Noel,J Noel,WR,3,26,0.1154,0,0,3,85,0,34,55,0.62,0.078,0.3867,3,1,17,0.0588,,4,0,0,0,0,3,5.4,7.0,11.9
2026,4,HOU,Dalton Schultz,D Schultz,TE,2,26,0.0769,1,0,2,9,0,35,55,0.64,0.2054,0.6267,3,0,17,0.0,,0,0,0,0,0,2,3.2,3.3,2.9
2026,4,HOU,Woody Marks,W Marks,RB,1,26,0.0385,0,0,0,0,0,24,55,0.44,0.0623,0.4533,3,6,17,0.3529,0.4118,22,1,1,1,0,1,5.1,5.2,8.2
2026,4,HOU,Foster Moreau,F Moreau,TE,1,26,0.0385,0,0,1,1,0,20,55,0.36,0.0847,0.4333,3,0,17,0.0,,0,0,0,0,0,1,1.6,1.4,1.1
2026,4,HOU,Cade Stover,C Stover,TE,1,26,0.0385,0,0,1,20,0,13,55,0.24,0.009,0.28,3,0,17,0.0,,0,0,0,0,0,1,1.6,1.5,3.0
2026,4,HOU,Brevin Jordan,B Jordan,TE,1,26,0.0385,0,0,1,13,0,5,55,0.09,,,0,0,17,0.0,,0,0,0,0,0,1,1.6,1.8,2.3
2026,4,HOU,David Montgomery,D Montgomery,RB,0,26,0.0,0,0,0,0,0,31,55,0.56,0.067,0.5467,3,10,17,0.5882,0.5882,24,0,1,1,0,1,5.8,5.6,2.4
2026,4,HOU,Jared Wayne,J Wayne,WR,0,26,0.0,0,0,0,0,0,16,55,0.29,0.109,0.4767,3,0,17,0.0,,0,0,0,0,0,0,0.0,,
2026,4,IND,Laquon Treadwell,L Treadwell,WR,6,29,0.2069,2,0,5,42,0,56,66,0.85,0.0544,0.6267,3,0,28,0.0,,0,0,0,0,0,5,9.5,9.2,9.2
2026,4,IND,Ashton Dulin,A Dulin,WR,6,29,0.2069,0,0,3,29,0,23,66,0.35,0.0345,0.19,1,0,28,0.0,,0,0,0,0,0,3,9.5,9.0,5.9
2026,4,IND,Tyler Warren,T Warren,TE,5,29,0.1724,0,0,5,41,0,56,66,0.85,0.2305,0.92,3,0,28,0.0,,0,0,0,0,0,5,8.0,7.9,9.1
2026,4,IND,Josh Downs,J Downs,WR,4,29,0.1379,0,0,3,16,0,51,66,0.77,0.2507,0.8,3,0,28,0.0,,0,0,0,0,0,3,6.4,5.2,4.6
2026,4,IND,Jonathan Taylor,J Taylor,RB,4,29,0.1379,0,0,1,2,0,47,66,0.71,0.119,0.8933,3,20,28,0.7143,0.75,95,2,3,2,2,3,21.5,17.5,22.7
2026,4,IND,Seth McGowan,S McGowan,RB,2,29,0.069,0,1,1,7,0,19,66,0.29,0.0115,0.1067,3,6,28,0.2143,0.25,31,0,2,1,0,2,6.7,6.0,4.8
2026,4,IND,Deion Burks,D Burks,WR,2,29,0.069,0,0,1,6,0,15,66,0.23,0.0,0.095,2,0,28,0.0,,0,0,0,0,0,1,3.2,3.0,1.6
2026,4,IND,Daniel Jones,D Jones,QB,0,29,0.0,0,0,0,0,0,66,66,1.0,0.0,1.0,3,2,28,0.0714,,5,1,1,1,1,1,3.0,11.9,9.9
2026,4,IND,Mo Alie-Cox,M Alie-Cox,TE,0,29,0.0,0,0,0,0,0,31,66,0.47,0.0095,0.34,3,0,28,0.0,,0,0,0,0,0,0,0.0,,
2026,4,IND,Andrew Ogletree,A Ogletree,TE,0,29,0.0,0,0,0,0,0,19,66,0.29,0.0226,0.2333,3,0,28,0.0,,0,0,0,0,0,0,0.0,,
2026,4,IND,Nick Westbrook-Ikhine,N Westbrook-Ikhine,WR,0,29,0.0,0,0,0,0,0,11,66,0.17,0.0,0.01,1,0,28,0.0,,0,0,0,0,0,0,0.0,,
2026,4,JAX,Brenton Strange,B Strange,TE,8,23,0.3478,0,0,7,95,0,53,61,0.87,0.1332,0.76,3,0,25,0.0,,0,0,0,0,0,7,12.7,14.1,16.5
2026,4,JAX,Jakobi Meyers,J Meyers,WR,4,23,0.1739,1,0,3,33,0,50,61,0.82,0.1424,0.7867,3,0,25,0.0,,0,0,0,0,0,3,6.4,6.9,6.3
2026,4,JAX,Parker Washington,P Washington,WR,3,23,0.1304,1,0,1,7,0,49,61,0.8,0.2998,0.7433,3,1,25,0.04,,3,0,0,0,0,1,5.4,6.3,2.0
2026,4,JAX,Brian Thomas Jr.,B Thomas,WR,2,23,0.087,1,0,2,17,1,38,61,0.62,0.1552,0.42,3,0,25,0.0,,0,0,0,0,0,2,3.2,6.4,9.7
2026,4,JAX,Bhayshul Tuten,B Tuten,RB,2,23,0.087,0,0,2,18,0,36,61,0.59,0.0644,0.4933,3,17,25,0.68,0.76,73,0,3,1,0,3,13.0,11.7,11.1
2026,4,JAX,Josh Cameron,J Cameron,WR,2,23,0.087,0,0,2,42,0,22,61,0.36,0.0564,0.29,3,0,25,0.0,,0,0,0,0,0,2,3.2,2.9,6.2
2026,4,JAX,Nate Boerkircher,N Boerkircher,TE,2,23,0.087,0,0,1,15,0,21,61,0.34,0.0282,0.5033,3,0,25,0.0,,0,0,0,0,0,1,3.2,2.9,2.5
2026,4,JAX,Trevor Lawrence,T Lawrence,QB,0,23,0.0,0,0,0,0,0,61,61,1.0,0.0,0.9433,3,1,25,0.04,,2,0,0,0,0,0,0.6,12.0,13.1
2026,4,JAX,Chris Rodriguez Jr.,C Rodriguez,RB,0,23,0.0,0,0,0,0,0,15,61,0.25,0.0,0.2767,3,6,25,0.24,0.24,35,1,1,0,0,0,3.5,3.3,9.5
2026,4,JAX,Tanner Koziol,T Koziol,TE,0,23,0.0,0,0,0,0,0,10,61,0.16,0.0,0.05,1,0,25,0.0,,0,0,0,0,0,0,0.0,,
2026,4,JAX,LeQuint Allen Jr.,L Allen,RB,0,23,0.0,0,0,0,0,0,9,61,0.15,0.0366,0.1167,3,0,25,0.0,0.0,0,0,0,0,0,0,0.0,,
2026,4,JAX,Quintin Morris,Q Morris,TE,0,23,0.0,0,0,0,0,0,1,61,0.02,0.0278,0.31,3,0,25,0.0,,0,0,0,0,0,0,0.0,,
2026,4,JAX,Ameer Abdullah,A Abdullah,RB,0,23,0.0,0,0,0,0,0,1,61,0.02,0.0401,0.1,3,0,25,0.0,0.0,0,0,0,0,0,0,0.0,,
2026,4,KC,Tyquan Thornton,T Thornton,WR,8,27,0.2963,2,1,5,111,2,38,60,0.63,0.0733,0.5767,3,0,24,0.0,,0,0,0,0,0,5,12.7,18.1,28.1
2026,4,KC,Xavier Worthy,X Worthy,WR,7,27,0.2593,0,0,4,70,0,45,60,0.75,0.1632,0.82,3,0,24,0.0,,0,0,0,0,0,4,11.1,13.0,11.0
2026,4,KC,Travis Kelce,T Kelce,TE,4,27,0.1481,0,0,2,15,0,50,60,0.83,0.1809,0.7833,3,0,24,0.0,,0,0,0,0,0,2,6.4,6.2,3.5
2026,4,KC,Noah Gray,N Gray,TE,3,27,0.1111,1,0,2,17,0,41,60,0.68,0.0646,0.56,3,0,24,0.0,,0,0,0,0,0,2,4.8,4.0,3.7
2026,4,KC,Jalen Royals,J Royals,WR,2,27,0.0741,0,0,0,0,0,38,60,0.63,0.045,0.17,2,0,24,0.0,,0,0,0,0,0,0,3.2,3.4,0.0
2026,4,KC,Kenneth Walker III,K Walker,RB,1,27,0.037,0,0,1,2,0,45,60,0.75,0.1865,0.7433,3,22,24,0.9167,0.9583,177,2,4,4,3,5,19.7,19.2,30.9
2026,4,KC,Emmett Johnson,E Johnson,RB,1,27,0.037,0,0,1,10,0,16,60,0.27,0.0422,0.27,3,0,24,0.0,0.0417,0,0,0,0,0,1,1.6,1.6,2.0
2026,4,KC,Cyrus Allen,C Allen,WR,1,27,0.037,0,0,0,0,0,5,60,0.08,0.0133,0.0233,3,0,24,0.0,,0,0,0,0,0,0,1.6,2.4,0.0
2026,4,KC,Jake Briningstool,J Briningstool,TE,0,27,0.0,0,0,0,0,0,8,60,0.13,0.0278,0.1433,3,0,24,0.0,,0,0,0,0,0,0,0.0,,
2026,4,KC,Rashee Rice,R Rice,WR,0,27,0.0,0,0,0,0,0,6,60,0.1,0.2036,0.7967,3,0,24,0.0,,0,0,0,0,0,0,0.0,,
2026,4,KC,Khyiris Tonga,K Tonga,NT,0,27,0.0,0,0,0,0,0,3,60,0.05,0.0,0.055,2,1,24,0.0417,,0,0,0,0,0,0,0.6,0.5,0.0
2026,4,KC,Brashard Smith,B Smith,RB,0,27,0.0,0,0,0,0,0,2,60,0.03,0.0435,0.08,1,0,24,0.0,0.0,0,0,0,0,0,0,0.0,,
2026,4,KC,Ben VanSumeren,B VanSumeren,FB,0,27,0.0,0,0,0,0,0,1,60,0.02,0.0,0.04,1,0,24,0.0,0.0,0,0,0,0,0,0,0.0,,
2026,4,KC,Matt Araiza,M Araiza,P,0,27,0.0,0,0,0,0,0,0,60,0.0,,,0,1,24,0.0417,,12,0,0,0,0,0,0.6,0.7,1.2
2026,4,LA,Kyren Williams,K Williams,RB,13,50,0.26,1,1,10,67,0,70,84,0.83,0.1069,0.6333,3,16,22,0.7273,0.8056,80,2,4,3,1,13,31.7,30.6,36.7
2026,4,LA,Puka Nacua,P Nacua,WR,12,50,0.24,0,0,9,125,0,76,84,0.9,0.3333,0.7,1,1,22,0.0455,,2,1,1,1,1,10,21.5,21.1,27.7
2026,4,LA,Davante Adams,D Adams,WR,9,50,0.18,2,1,4,32,0,80,84,0.95,0.2736,0.6733,3,0,22,0.0,,0,0,0,0,0,4,14.3,15.3,7.2
2026,4,LA,Tyler Higbee,T Higbee,TE,6,50,0.12,0,0,5,67,0,55,84,0.65,0.0995,0.39,3,0,22,0.0,,0,0,0,0,0,5,9.5,9.6,11.7
2026,4,LA,Konata Mumpfield,K Mumpfield,WR,3,50,0.06,0,0,1,7,0,23,84,0.27,0.089,0.56,3,0,22,0.0,,0,0,0,0,0,1,4.8,4.5,1.7
2026,4,LA,Jordan Whittington,J Whittington,WR,2,50,0.04,0,0,1,4,0,42,84,0.5,0.0185,0.325,2,0,22,0.0,,0,0,0,0,0,1,3.2,2.6,1.4
2026,4,LA,Davis Allen,D Allen,TE,2,50,0.04,0,0,0,0,0,40,84,0.48,0.0439,0.4067,3,0,22,0.0,,0,0,0,0,0,0,3.2,2.7,0.0
2026,4,LA,Blake Corum,B Corum,RB,2,50,0.04,0,1,1,7,0,13,84,0.15,0.0383,0.3233,3,5,22,0.2273,0.1944,14,0,0,0,0,1,6.1,5.1,3.1
2026,4,LA,Tutu Atwell,T Atwell,WR,1,50,0.02,0,0,1,8,0,19,84,0.23,0.0667,0.18,1,0,22,0.0,,0,0,0,0,0,1,1.6,1.3,1.8
2026,4,LA,Max Klare,M Klare,TE,0,50,0.0,0,0,0,0,0,1,84,0.01,,,0,0,22,0.0,,0,0,0,0,0,0,0.0,,
2026,4,LAC,Oronde Gadsden II,O Gadsden,TE,8,31,0.2581,1,0,5,36,0,39,71,0.55,0.0806,0.3967,3,1,27,0.037,,2,0,0,0,0,5,13.3,10.9,8.8
2026,4,LAC,Keaton Mitchell,K Mitchell,RB,6,31,0.1935,0,1,5,24,0,26,71,0.37,0.0431,0.3133,3,10,27,0.3704,0.4571,39,0,0,0,0,5,15.3,13.4,11.3
2026,4,LAC,Tre Harris,T Harris,WR,5,31,0.1613,0,0,3,60,0,66,71,0.93,0.1832,0.7167,3,0,27,0.0,,0,0,0,0,0,3,8.0,8.3,9.0
2026,4,LAC,Kimani Vidal,K Vidal,RB,3,31,0.0968,1,1,2,11,1,25,71,0.35,0.0303,0.14,3,5,27,0.1852,0.2286,25,0,0,0,0,2,7.7,7.9,11.6
2026,4,LAC,Quentin Johnston,Q Johnston,WR,2,31,0.0645,0,0,1,44,0,53,71,0.75,0.1988,0.82,3,1,27,0.037,,-4,0,0,0,0,1,3.8,4.3,5.0
2026,4,LAC,Omarion Hampton,O Hampton,RB,2,31,0.0645,0,0,2,8,0,25,71,0.35,0.0357,0.5433,3,9,27,0.3333,0.3143,45,1,3,2,1,4,10.2,11.1,13.3
2026,4,LAC,Ladd McConkey,L McConkey,WR,2,31,0.0645,0,1,0,0,0,24,71,0.34,0.1754,0.61,3,0,27,0.0,,0,0,0,0,0,0,3.2,3.0,0.0
2026,4,LAC,Justin Herbert,J Herbert,QB,1,31,0.0323,1,0,0,0,0,71,71,1.0,0.0,1.0,3,1,27,0.037,,3,0,1,1,1,1,4.0,17.6,11.6
2026,4,LAC,Marquez Valdes-Scantling,M Valdes-Scantling,WR,1,31,0.0323,0,0,0,0,0,26,71,0.37,0.0303,0.04,1,0,27,0.0,,0,0,0,0,0,0,1.6,1.3,0.0
2026,4,LAC,Derius Davis,D Davis,WR,1,31,0.0323,0,0,1,6,0,3,71,0.04,0.0252,0.1033,3,0,27,0.0,,0,0,0,0,0,1,1.6,1.4,1.6
2026,4,LAC,Hayden Rucci,H Rucci,TE,0,31,0.0,0,0,0,0,0,35,71,0.49,0.0,0.41,1,0,27,0.0,,0,0,0,0,0,0,0.0,,
2026,4,LAC,Alec Ingold,A Ingold,FB,0,31,0.0,0,0,0,0,0,25,71,0.35,0.0404,0.4133,3,0,27,0.0,0.0,0,0,0,0,0,0,0.0,,
2026,4,LAC,Patrick Herbert,P Herbert,TE,0,31,0.0,0,0,0,0,0,4,71,0.06,0.0,0.01,1,0,27,0.0,,0,0,0,0,0,0,0.0,,
2026,4,LV,Brock Bowers,B Bowers,TE,11,48,0.2292,0,1,6,86,1,69,84,0.82,0.4333,0.79,1,0,26,0.0,,0,0,0,0,0,6,17.5,19.4,20.6
2026,4,LV,Michael Mayer,M Mayer,TE,10,48,0.2083,0,0,8,82,0,74,84,0.88,0.1598,0.84,3,0,26,0.0,,0,0,0,0,0,8,15.9,15.1,16.2
2026,4,LV,Ashton Jeanty,A Jeanty,RB,8,48,0.1667,2,0,6,68,0,56,84,0.67,0.1828,0.7967,3,15,26,0.5769,0.6216,58,0,0,0,0,6,21.4,18.5,18.6
2026,4,LV,Tre Tucker,T Tucker,WR,8,48,0.1667,0,0,4,44,0,56,84,0.67,0.1709,0.6233,3,0,26,0.0,,0,0,0,0,0,4,12.7,14.9,8.4
2026,4,LV,Cody White,C White,WR,4,48,0.0833,0,0,2,36,0,0,84,0.0,,,0,0,26,0.0,,0,0,0,0,0,2,6.4,7.0,7.6
2026,4,LV,Ian Thomas,I Thomas,TE,2,48,0.0417,0,0,2,32,1,26,84,0.31,0.0115,0.3833,3,0,26,0.0,,0,0,0,0,0,2,3.2,4.7,11.2
2026,4,LV,Mike Washington Jr.,M Washington,RB,2,48,0.0417,0,1,1,-1,0,18,84,0.21,0.0115,0.18,3,9,26,0.3462,0.2973,18,0,2,0,0,1,8.4,7.6,2.7
2026,4,LV,Dareke Young,D Young,WR,2,48,0.0417,0,0,1,9,0,12,84,0.14,0.0115,0.17,3,0,26,0.0,,0,0,0,0,0,1,3.2,2.7,1.9
2026,4,LV,Connor Heyward,C Heyward,FB,1,48,0.0208,0,0,1,9,0,19,84,0.23,0.0,0.3467,3,2,26,0.0769,0.0811,-4,0,0,0,0,1,2.8,2.3,1.5
2026,4,LV,Cody White,C White,WR,0,48,0.0,0,0,0,0,0,52,84,0.62,,,0,0,26,0.0,,0,0,0,0,0,0,0.0,2.4,0.0
2026,4,LV,Jalen Nailor,J Nailor,WR,0,48,0.0,0,0,0,0,0,19,84,0.23,0.1253,0.59,3,0,26,0.0,,0,0,0,0,0,0,0.0,,
2026,4,LV,Dylan Laube,D Laube,RB,0,48,0.0,0,0,0,0,0,7,84,0.08,0.0,0.1133,3,0,26,0.0,0.0,0,0,0,0,0,0,0.0,,
2026,4,LV,Malik Benson,M Benson,WR,0,48,0.0,0,0,0,0,0,7,84,0.08,0.0456,0.0967,3,0,26,0.0,,0,0,0,0,0,0,0.0,,
2026,4,MIA,Malik Washington,M Washington,WR,5,17,0.2941,0,0,5,67,0,34,39,0.87,0.2665,0.8567,3,2,17,0.1176,,3,0,1,1,0,6,9.1,9.2,12.0
2026,4,MIA,Kevin Coleman Jr.,K Coleman,WR,4,17,0.2353,1,0,1,3,0,20,39,0.51,0.0628,0.4567,3,0,17,0.0,,0,0,0,0,0,1,6.4,5.9,1.3
2026,4,MIA,Chris Bell,C Bell,WR,3,17,0.1765,0,0,0,0,0,32,39,0.82,0.1059,0.5467,3,0,17,0.0,,0,0,0,0,0,0,4.8,3.9,0.0
2026,4,MIA,Will Kacmarek,W Kacmarek,TE,2,17,0.1176,0,0,1,15,0,24,39,0.62,0.0268,0.3767,3,0,17,0.0,,0,0,0,0,0,1,3.2,3.2,2.5
2026,4,MIA,Ollie Gordon II,O Gordon,RB,2,17,0.1176,0,0,2,0,0,22,39,0.56,0.0286,0.3667,3,9,17,0.5294,0.6875,100,1,2,0,0,2,8.4,6.2,18.0
2026,4,MIA,Jalen Tolbert,J Tolbert,WR,1,17,0.0588,0,0,0,0,0,6,39,0.15,0.0,0.16,1,0,17,0.0,,0,0,0,0,0,0,1.6,1.3,0.0
2026,4,MIA,Malik Willis,M Willis,QB,0,17,0.0,0,0,0,0,0,39,39,1.0,0.0,1.0,3,1,17,0.0588,,3,0,0,0,0,0,0.6,6.4,4.5
2026,4,MIA,DJ Herman,D Herman,FB,0,17,0.0,0,0,0,0,0,20,39,0.51,0.0435,0.31,3,0,17,0.0,0.0,0,0,0,0,0,0,0.0,,
2026,4,MIA,Greg Dulcich,G Dulcich,TE,0,17,0.0,0,0,0,0,0,20,39,0.51,0.1348,0.6933,3,0,17,0.0,,0,0,0,0,0,0,0.0,,
2026,4,MIA,Jaylen Wright,J Wright,RB,0,17,0.0,0,0,0,0,0,12,39,0.31,0.0,0.06,2,5,17,0.2941,0.3125,7,0,0,0,0,0,2.9,2.1,0.7
2026,4,MIA,Ryan Miller,R Miller,WR,0,17,0.0,0,0,0,0,0,4,39,0.1,0.0646,0.17,2,0,17,0.0,,0,0,0,0,0,0,0.0,,
2026,4,MIN,T.J. Hockenson,T Hockenson,TE,13,33,0.3939,2,0,13,119,0,65,78,0.83,0.196,0.7333,3,0,26,0.0,,0,0,0,0,0,13,20.7,19.9,24.9
2026,4,MIN,Aaron Jones,A Jones,RB,8,33,0.2424,2,2,4,34,0,57,78,0.73,0.0945,0.69,3,20,26,0.7692,0.875,94,0,2,0,0,4,24.3,21.3,16.8
2026,4,MIN,Jordan Addison,J Addison,WR,6,33,0.1818,0,0,4,52,0,75,78,0.96,0.2367,0.8967,3,1,26,0.0385,,-1,0,0,0,0,4,10.1,9.9,9.1
2026,4,MIN,Myles Price,M Price,WR,2,33,0.0606,0,0,2,6,0,10,78,0.13,0.0175,0.2067,3,1,26,0.0385,,2,0,0,0,0,2,3.8,3.5,2.8
2026,4,MIN,Jauan Jennings,J Jennings,WR,1,33,0.0303,0,0,1,8,0,74,78,0.95,0.0617,0.64,2,0,26,0.0,,0,0,0,0,0,1,1.6,1.4,1.8
2026,4,MIN,Tai Felton,T Felton,WR,1,33,0.0303,0,0,1,14,0,46,78,0.59,0.04,0.295,2,0,26,0.0,,0,0,0,0,0,1,1.6,1.5,2.4
2026,4,MIN,Gavin Bartholomew,G Bartholomew,TE,1,33,0.0303,0,0,1,4,0,17,78,0.22,0.0,0.07,1,0,26,0.0,,0,0,0,0,0,1,1.6,1.4,1.4
2026,4,MIN,DeeJay Dallas,D Dallas,RB,1,33,0.0303,0,0,1,10,0,12,78,0.15,0.032,0.13,3,0,26,0.0,0.0312,0,0,0,0,0,1,1.6,1.4,2.0
2026,4,MIN,Kyler Murray,K Murray,QB,0,33,0.0,0,0,0,0,0,78,78,1.0,0.0,0.585,2,1,26,0.0385,,6,0,0,0,0,0,0.6,13.7,11.5
2026,4,MIN,Max Bredeson,M Bredeson,FB,0,33,0.0,0,0,0,0,0,14,78,0.18,0.0,0.29,3,0,26,0.0,0.0,0,0,0,0,0,0,0.0,,
2026,4,MIN,Demond Claiborne,D Claiborne,RB,0,33,0.0,0,0,0,0,0,9,78,0.12,0.0263,0.045,2,3,26,0.1154,0.0938,12,0,0,0,0,0,1.7,1.8,1.2
2026,4,MIN,Jeshaun Jones,J Jones,WR,0,33,0.0,0,0,0,0,0,3,78,0.04,,,0,0,26,0.0,,0,0,0,0,0,0,0.0,,
2026,4,NE,Romeo Doubs,R Doubs,WR,9,36,0.25,3,0,6,58,2,49,76,0.64,0.1402,0.6533,3,0,29,0.0,,0,0,0,0,0,6,14.3,17.8,23.8
2026,4,NE,Rhamondre Stevenson,R Stevenson,RB,5,36,0.1389,0,0,3,27,0,50,76,0.66,0.1296,0.5767,3,13,29,0.4483,0.5294,47,1,1,1,1,4,17.3,15.6,18.4
2026,4,NE,Hunter Henry,H Henry,TE,5,36,0.1389,0,0,5,62,0,49,76,0.64,0.1338,0.79,3,0,29,0.0,,0,0,0,0,0,5,8.0,8.5,11.2
2026,4,NE,Efton Chism III,E Chism,WR,4,36,0.1111,0,0,2,42,1,34,76,0.45,0.0571,0.215,2,0,29,0.0,,0,0,0,0,0,2,6.4,7.0,12.2
2026,4,NE,Mack Hollins,M Hollins,WR,4,36,0.1111,0,0,3,53,0,31,76,0.41,0.1855,0.7233,3,0,29,0.0,,0,0,0,0,0,3,6.4,7.4,8.3
2026,4,NE,DeMario Douglas,D Douglas,WR,3,36,0.0833,1,0,2,15,0,35,76,0.46,0.1626,0.56,3,0,29,0.0,,0,0,0,0,0,2,4.8,6.0,3.5
2026,4,NE,Eli Raridon,E Raridon,TE,2,36,0.0556,1,0,1,12,0,44,76,0.58,0.0399,0.37,2,0,29,0.0,,0,0,0,0,0,1,3.2,5.8,2.2
2026,4,NE,TreVeyon Henderson,T Henderson,RB,2,36,0.0556,0,0,0,0,0,28,76,0.37,0.0167,0.485,2,14,29,0.4828,0.4706,42,0,1,1,0,1,11.3,9.4,4.2
2026,4,NE,Kyle Williams,K Williams,WR,2,36,0.0556,0,0,0,0,0,19,76,0.25,0.0651,0.24,3,0,29,0.0,,0,0,0,0,0,0,3.2,4.0,0.0
2026,4,NE,Drake Maye,D Maye,QB,0,36,0.0,0,0,0,0,0,76,76,1.0,0.0,0.9367,3,2,29,0.069,,1,0,1,1,1,1,3.0,24.6,28.2
2026,4,NE,Reggie Gilliam,R Gilliam,FB,0,36,0.0,0,0,0,0,0,17,76,0.22,0.0317,0.2233,3,0,29,0.0,0.0,0,0,0,0,0,0,0.0,,
2026,4,NE,Cameron Latu,C Latu,TE,0,36,0.0,0,0,0,0,0,2,76,0.03,0.0,0.195,2,0,29,0.0,,0,0,0,0,0,0,0.0,,
2026,4,NE,Corey Kiner,C Kiner,RB,0,36,0.0,0,0,0,0,0,2,76,0.03,0.0111,0.1033,3,0,29,0.0,0.0,0,0,0,0,0,0,0.0,,
2026,4,NO,Chris Olave,C Olave,WR,12,47,0.2553,1,0,8,116,0,64,74,0.86,0.2958,0.8467,3,0,18,0.0,,0,0,0,0,0,8,19.1,18.9,19.6
2026,4,NO,Devaughn Vele,D Vele,WR,9,47,0.1915,3,0,6,54,1,66,74,0.89,0.1806,0.9167,3,0,18,0.0,,0,0,0,0,0,6,14.3,15.9,17.4
2026,4,NO,Juwan Johnson,J Johnson,TE,8,47,0.1702,1,0,6,59,0,58,74,0.78,0.1532,0.6633,3,0,18,0.0,,0,0,0,0,0,6,12.7,12.0,11.9
2026,4,NO,Alvin Kamara,A Kamara,RB,7,47,0.1489,0,0,5,35,0,28,74,0.38,0.1062,0.305,2,7,18,0.3889,0.5,23,2,3,2,2,7,18.8,16.0,22.8
2026,4,NO,Bryce Lance,B Lance,WR,5,47,0.1064,1,0,1,7,0,63,74,0.85,0.0611,0.7333,3,0,18,0.0,,0,0,0,0,0,1,8.0,7.4,1.7
2026,4,NO,Kendre Miller,K Miller,RB,3,47,0.0638,1,0,2,10,0,19,74,0.26,0.0375,0.24,2,6,18,0.3333,0.3214,9,0,0,0,0,2,8.2,6.9,1.9
2026,4,NO,CJ Donaldson,C Donaldson,RB,2,47,0.0426,0,0,2,5,0,28,74,0.38,0.0128,0.2067,3,3,18,0.1667,0.1786,18,0,0,0,0,2,4.9,4.5,4.3
2026,4,NO,Treyton Welch,T Welch,TE,1,47,0.0213,0,0,0,0,0,7,74,0.09,0.0,0.09,2,0,18,0.0,,0,0,0,0,0,0,1.6,2.0,0.0
2026,4,NO,Tyler Shough,T Shough,QB,0,47,0.0,0,0,0,0,0,74,74,1.0,0.0,1.0,3,1,18,0.0556,,2,0,0,0,0,0,0.6,18.8,15.9
2026,4,NO,Oscar Delp,O Delp,TE,0,47,0.0,0,0,0,0,0,24,74,0.32,0.0156,0.16,2,0,18,0.0,,0,0,0,0,0,0,0.0,,
2026,4,NO,Kevin Austin Jr.,K Austin,WR,0,47,0.0,0,0,0,0,0,9,74,0.12,0.0104,0.09,3,0,18,0.0,,0,0,0,0,0,0,0.0,,
2026,4,NO,Barion Brown,B Brown,WR,0,47,0.0,0,0,0,0,0,3,74,0.04,0.0,0.055,2,1,18,0.0556,,-5,0,1,0,0,0,0.6,1.1,-0.5
2026,4,NYG,Isaiah Likely,I Likely,TE,12,29,0.4138,2,0,7,66,0,44,67,0.66,0.2755,0.6733,3,0,28,0.0,,0,0,0,0,0,7,19.1,18.5,13.6
2026,4,NYG,Malik Nabers,M Nabers,WR,7,29,0.2414,0,0,6,112,1,51,67,0.76,0.2404,0.68,3,0,28,0.0,,0,0,0,0,0,6,11.1,11.2,23.2
2026,4,NYG,Malachi Fields,M Fields,WR,3,29,0.1034,1,0,2,52,1,44,67,0.66,0.1402,0.74,3,0,28,0.0,,0,0,0,0,0,2,4.8,5.7,13.2
2026,4,NYG,Darnell Mooney,D Mooney,WR,2,29,0.069,0,0,0,0,0,37,67,0.55,0.1019,0.5767,3,0,28,0.0,,0,0,0,0,0,0,3.2,3.4,0.0
2026,4,NYG,Patrick Ricard,P Ricard,FB,2,29,0.069,0,0,1,1,0,31,67,0.46,0.0115,0.44,3,0,28,0.0,0.0645,0,0,0,0,0,1,3.2,2.9,1.1
2026,4,NYG,Cam Skattebo,C Skattebo,RB,1,29,0.0345,0,0,1,8,0,43,67,0.64,0.1052,0.6567,3,18,28,0.6429,0.6129,58,0,2,0,0,1,12.0,9.4,7.6
2026,4,NYG,Theo Johnson,T Johnson,TE,1,29,0.0345,1,0,1,11,1,22,67,0.33,0.0532,0.3033,3,0,28,0.0,,0,0,0,0,0,1,1.6,3.4,8.1
2026,4,NYG,Braxton Berrios,B Berrios,WR,1,29,0.0345,0,0,0,0,0,2,67,0.03,0.0,0.1133,3,0,28,0.0,,0,0,0,0,0,0,1.6,1.2,0.0
2026,4,NYG,Chris Manhertz,C Manhertz,TE,0,29,0.0,0,0,0,0,0,35,67,0.52,0.0,0.3667,3,0,28,0.0,,0,0,0,0,0,0,0.0,1.1,0.0
2026,4,NYG,Tyrone Tracy Jr.,T Tracy,RB,0,29,0.0,0,0,0,0,0,12,67,0.18,0.0,0.0233,3,1,28,0.0357,0.0323,-1,0,0,0,0,0,0.6,0.5,-0.1
2026,4,NYG,Najee Harris,N Harris,RB,0,29,0.0,0,0,0,0,0,12,67,0.18,0.0,0.18,2,9,28,0.3214,0.2903,30,0,3,0,0,0,5.2,5.4,3.0
2026,4,NYG,Charlie Jones,C Jones,WR,0,29,0.0,0,0,0,0,0,1,67,0.01,,,0,0,28,0.0,,0,0,0,0,0,0,0.0,,
2026,4,NYJ,Garrett Wilson,G Wilson,WR,4,15,0.2667,0,0,3,27,0,32,32,1.0,0.2866,0.8567,3,0,14,0.0,,0,0,0,0,0,3,6.4,5.8,5.7
2026,4,NYJ,Kenyon Sadiq,K Sadiq,TE,4,15,0.2667,0,0,0,0,0,22,32,0.69,0.1453,0.4533,3,0,14,0.0,,0,0,0,0,0,0,6.4,4.7,0.0
2026,4,NYJ,Isaiah Williams,I Williams,WR,3,15,0.2,0,1,2,73,1,30,32,0.94,0.0886,0.77,3,0,14,0.0,,0,0,0,0,0,2,4.8,4.9,15.3
2026,4,NYJ,Braelon Allen,B Allen,RB,2,15,0.1333,0,0,2,8,0,30,32,0.94,0.0515,0.41,3,14,14,1.0,1.0,59,0,2,0,0,2,11.3,9.0,8.7
2026,4,NYJ,Sterling Shepard,S Shepard,WR,1,15,0.0667,1,0,0,0,0,17,32,0.53,0.0278,0.45,1,0,14,0.0,,0,0,0,0,0,0,1.6,1.6,0.0
2026,4,NYJ,Jelani Woods,J Woods,TE,1,15,0.0667,0,0,1,11,0,12,32,0.38,0.0093,0.3,3,0,14,0.0,,0,0,0,0,0,1,1.6,1.4,2.1
2026,4,NYJ,Jeremy Ruckert,J Ruckert,TE,0,15,0.0,0,0,0,0,0,14,32,0.44,0.0793,0.3967,3,0,14,0.0,,0,0,0,0,0,0,0.0,,
2026,4,NYJ,Isaiah Davis,I Davis,RB,0,15,0.0,0,0,0,0,0,2,32,0.06,,,0,0,14,0.0,0.0,0,0,0,0,0,0,0.0,,
2026,4,NYJ,Malik McClain,M McClain,WR,0,15,0.0,0,0,0,0,0,1,32,0.03,0.0,0.27,1,0,14,0.0,,0,0,0,0,0,0,0.0,,
2026,4,PHI,Darius Cooper,D Cooper,WR,7,25,0.28,3,0,3,33,2,55,61,0.9,0.0294,0.22,3,0,26,0.0,,0,0,0,0,0,3,11.1,15.8,18.3
2026,4,PHI,Makai Lemon,M Lemon,WR,6,25,0.24,0,0,3,27,0,45,61,0.74,0.1237,0.6567,3,0,26,0.0,,0,0,0,0,0,3,9.5,8.9,5.7
2026,4,PHI,Dontayvion Wicks,D Wicks,WR,5,25,0.2,0,0,3,18,0,56,61,0.92,0.1861,0.8033,3,0,26,0.0,,0,0,0,0,0,3,8.0,7.2,4.8
2026,4,PHI,Zach Ertz,Z Ertz,TE,4,25,0.16,0,0,2,13,0,13,61,0.21,0.08,0.38,1,0,26,0.0,,0,0,0,0,0,2,6.4,6.2,3.3
2026,4,PHI,Will Shipley,W Shipley,RB,1,25,0.04,0,0,0,0,0,29,61,0.48,0.0614,0.3167,3,6,26,0.2308,0.28,23,0,3,2,0,2,5.1,4.8,2.3
2026,4,PHI,Tank Bigsby,T Bigsby,RB,1,25,0.04,0,0,0,0,0,29,61,0.48,0.0329,0.1633,3,14,26,0.5385,0.6,55,0,2,2,0,2,9.7,10.0,5.5
2026,4,PHI,Saquon Barkley,S Barkley,RB,1,25,0.04,0,0,1,2,0,4,61,0.07,0.0766,0.53,3,2,26,0.0769,0.12,8,0,0,0,0,1,2.8,2.3,2.0
2026,4,PHI,Jalen Hurts,J Hurts,QB,0,25,0.0,0,0,0,0,0,61,61,1.0,0.0,0.9733,3,4,26,0.1538,,4,0,3,1,1,1,4.1,17.4,13.5
2026,4,PHI,Johnny Mundt,J Mundt,TE,0,25,0.0,0,0,0,0,0,49,61,0.8,0.0427,0.5067,3,0,26,0.0,,0,0,0,0,0,0,0.0,,
2026,4,PHI,E.J. Jenkins,E Jenkins,TE,0,25,0.0,0,0,0,0,0,12,61,0.2,0.0,0.2033,3,0,26,0.0,,0,0,0,0,0,0,0.0,,
2026,4,PHI,Elijah Moore,E Moore,WR,0,25,0.0,0,0,0,0,0,10,61,0.16,0.0,0.12,1,0,26,0.0,,0,0,0,0,0,0,0.0,,
2026,4,PIT,DK Metcalf,D Metcalf,WR,9,39,0.2308,0,0,5,115,0,70,72,0.97,0.2249,0.96,3,0,19,0.0,,0,0,0,0,0,5,14.3,13.0,16.5
2026,4,PIT,Jaylen Warren,J Warren,RB,6,39,0.1538,1,1,3,33,0,70,72,0.97,0.1331,0.66,3,17,19,0.8947,0.92,93,0,0,0,0,3,19.4,16.7,15.6
2026,4,PIT,Roman Wilson,R Wilson,WR,6,39,0.1538,2,0,3,74,1,22,72,0.31,0.1726,0.5767,3,0,19,0.0,,0,0,0,0,0,3,9.5,9.5,16.4
2026,4,PIT,Pat Freiermuth,P Freiermuth,TE,5,39,0.1282,1,0,3,17,1,54,72,0.75,0.1331,0.6633,3,0,19,0.0,,0,0,0,0,0,3,8.0,8.7,10.7
2026,4,PIT,Darnell Washington,D Washington,TE,5,39,0.1282,2,0,3,27,1,51,72,0.71,0.079,0.6433,3,0,19,0.0,,0,0,0,0,0,3,8.0,10.2,11.7
2026,4,PIT,Michael Pittman,M Pittman,WR,4,39,0.1026,0,0,2,15,0,52,72,0.72,0.1212,0.805,2,0,19,0.0,,0,0,0,0,0,2,6.4,5.8,3.5
2026,4,PIT,Germie Bernard,G Bernard,WR,2,39,0.0513,1,0,2,11,0,29,72,0.4,0.0828,0.3667,3,0,19,0.0,,0,0,0,0,0,2,3.2,2.7,3.1
2026,4,PIT,Ben Skowronek,B Skowronek,WR,2,39,0.0513,0,0,1,7,0,8,72,0.11,0.0296,0.195,2,0,19,0.0,,0,0,0,0,0,1,3.2,3.1,1.7
2026,4,PIT,Travis Homer,T Homer,RB,0,39,0.0,0,0,0,0,0,2,72,0.03,0.0,0.04,2,2,19,0.1053,0.08,-1,0,2,1,0,1,1.2,1.0,-0.1
2026,4,PIT,Riley Nowakowski,R Nowakowski,FB,0,39,0.0,0,0,0,0,0,1,72,0.01,0.0,0.07,3,0,19,0.0,0.0,0,0,0,0,0,0,0.0,,
2026,4,PIT,Robert Tonyan,R Tonyan,TE,0,39,0.0,0,0,0,0,0,1,72,0.01,0.0108,0.04,3,0,19,0.0,,0,0,0,0,0,0,0.0,,
2026,4,SEA,Jaxon Smith-Njigba,J Smith-Njigba,WR,6,20,0.3,1,0,5,76,0,53,60,0.88,0.3975,0.8133,3,0,30,0.0,,0,0,0,0,0,5,9.5,10.0,12.6
2026,4,SEA,Emanuel Wilson,E Wilson,RB,4,20,0.2,0,0,3,39,1,36,60,0.6,0.0128,0.2767,3,21,30,0.7,0.7576,81,1,2,2,0,5,18.5,18.8,27.0
2026,4,SEA,AJ Barner,A Barner,TE,3,20,0.15,0,1,1,12,0,54,60,0.9,0.1073,0.8633,3,0,30,0.0,,0,0,0,0,0,1,4.8,4.8,2.2
2026,4,SEA,Rashid Shaheed,R Shaheed,WR,3,20,0.15,0,0,1,20,0,36,60,0.6,0.1408,0.56,3,2,30,0.0667,,33,1,1,0,0,1,5.9,6.9,12.3
2026,4,SEA,Cooper Kupp,C Kupp,WR,2,20,0.1,0,0,1,13,0,34,60,0.57,0.1043,0.6267,3,0,30,0.0,,0,0,0,0,0,1,3.2,3.4,2.3
2026,4,SEA,George Holani,G Holani,RB,1,20,0.05,0,0,1,2,0,22,60,0.37,0.0637,0.36,3,7,30,0.2333,0.2424,18,0,0,0,0,1,5.6,5.4,3.0
2026,4,SEA,Tory Horton,T Horton,WR,1,20,0.05,1,0,1,6,1,10,60,0.17,0.0333,0.265,2,0,30,0.0,,0,0,0,0,0,1,1.6,4.0,7.6
2026,4,SEA,Elijah Arroyo,E Arroyo,TE,0,20,0.0,0,0,0,0,0,19,60,0.32,0.0128,0.2333,3,0,30,0.0,,0,0,0,0,0,0,0.0,,
2026,4,SEA,Eric Saubert,E Saubert,TE,0,20,0.0,0,0,0,0,0,18,60,0.3,0.0276,0.2367,3,0,30,0.0,,0,0,0,0,0,0,0.0,,
2026,4,SEA,Brady Russell,B Russell,FB,0,20,0.0,0,0,0,0,0,13,60,0.22,0.0352,0.32,3,0,30,0.0,0.0,0,0,0,0,0,0,0.0,,
2026,4,SEA,Velus Jones Jr.,V Jones,RB,0,20,0.0,0,0,0,0,0,2,60,0.03,,,0,0,30,0.0,0.0,0,0,0,0,0,0,0.0,,
2026,4,SF,Mike Evans,M Evans,WR,8,29,0.2759,2,0,5,76,0,39,66,0.59,0.1932,0.54,3,0,29,0.0,,0,0,0,0,0,5,12.7,16.9,12.6
2026,4,SF,George Kittle,G Kittle,TE,6,29,0.2069,0,0,4,70,1,60,66,0.91,0.2023,0.5967,3,0,29,0.0,,0,0,0,0,0,4,9.5,9.7,17.0
2026,4,SF,Deebo Samuel Sr.,D Samuel,WR,6,29,0.2069,2,0,5,26,1,44,66,0.67,0.1321,0.5933,3,3,29,0.1034,,44,0,0,0,0,5,11.3,14.4,18.0
2026,4,SF,Christian McCaffrey,C McCaffrey,RB,5,29,0.1724,0,0,3,18,0,49,66,0.74,0.206,0.6333,3,15,29,0.5172,0.7143,52,1,4,3,3,6,22.0,23.6,16.0
2026,4,SF,Kyle Juszczyk,K Juszczyk,FB,2,29,0.069,0,0,2,28,0,27,66,0.41,0.0574,0.5033,3,0,29,0.0,0.0714,0,0,0,0,0,2,3.2,3.0,4.8
2026,4,SF,Jacob Cowing,J Cowing,WR,1,29,0.0345,0,0,0,0,0,21,66,0.32,0.0256,0.2833,3,1,29,0.0345,,2,0,0,0,0,0,2.2,2.4,0.2
2026,4,SF,Brandin Cooks,B Cooks,WR,1,29,0.0345,0,0,0,0,0,8,66,0.12,,,0,0,29,0.0,,0,0,0,0,0,0,1.6,1.6,0.0
2026,4,SF,Brock Purdy,B Purdy,QB,0,29,0.0,0,0,0,0,0,66,66,1.0,0.0,0.95,3,4,29,0.1379,,7,0,1,1,0,1,2.3,19.5,19.6
2026,4,SF,Luke Farrell,L Farrell,TE,0,29,0.0,0,0,0,0,0,29,66,0.44,0.0324,0.5267,3,0,29,0.0,,0,0,0,0,0,0,0.0,,
2026,4,SF,Jordan Watkins,J Watkins,WR,0,29,0.0,0,0,0,0,0,25,66,0.38,0.0769,0.28,1,0,29,0.0,,0,0,0,0,0,0,0.0,,
2026,4,SF,Kaelon Black,K Black,RB,0,29,0.0,0,0,0,0,0,17,66,0.26,0.0226,0.3033,3,6,29,0.2069,0.2143,13,0,3,0,0,0,3.5,3.0,1.3
2026,4,SF,Brayden Willis,B Willis,TE,0,29,0.0,0,0,0,0,0,11,66,0.17,0.0,0.145,2,0,29,0.0,,0,0,0,0,0,0,0.0,,
2026,4,TB,Chris Godwin Jr.,C Godwin,WR,7,26,0.2692,0,0,6,31,0,56,63,0.89,0.1178,0.78,3,0,25,0.0,,0,0,0,0,0,6,11.1,9.1,9.1
2026,4,TB,Cade Otton,C Otton,TE,6,26,0.2308,0,1,4,37,0,60,63,0.95,0.1795,0.9367,3,0,25,0.0,,0,0,0,0,0,4,9.5,8.9,7.7
2026,4,TB,Emeka Egbuka,E Egbuka,WR,4,26,0.1538,1,0,2,13,0,59,63,0.94,0.2103,0.82,3,0,25,0.0,,0,0,0,0,0,2,6.4,7.0,3.3
2026,4,TB,Ted Hurst III,T Hurst,WR,3,26,0.1154,0,0,2,25,0,25,63,0.4,0.1363,0.7467,3,0,25,0.0,,0,0,0,0,0,2,4.8,3.8,4.5
2026,4,TB,Tez Johnson,T Johnson,WR,2,26,0.0769,0,0,2,17,0,35,63,0.56,0.0718,0.25,3,1,25,0.04,,10,0,0,0,0,2,3.8,3.5,4.7
2026,4,TB,Kenny Gainwell,K Gainwell,RB,2,26,0.0769,1,0,2,22,1,27,63,0.43,0.1004,0.4233,3,3,25,0.12,0.2083,5,0,0,0,0,2,4.9,4.5,10.7
2026,4,TB,Kameron Johnson,K Johnson,WR,2,26,0.0769,0,0,1,3,0,5,63,0.08,0.0,0.05,2,0,25,0.0,,0,0,0,0,0,1,3.2,2.3,1.3
2026,4,TB,Jalon Daniels,J Daniels,QB,0,26,0.0,0,0,0,0,0,63,63,1.0,0.0,0.06,1,2,25,0.08,,9,0,1,0,0,0,1.2,13.4,11.4
2026,4,TB,Bucky Irving,B Irving,RB,0,26,0.0,0,0,0,0,0,37,63,0.59,0.1649,0.6367,3,16,25,0.64,0.6667,61,0,2,0,0,0,9.3,8.0,6.1
2026,4,TB,Payne Durham,P Durham,TE,0,26,0.0,0,0,0,0,0,5,63,0.08,0.0095,0.2433,3,0,25,0.0,,0,0,0,0,0,0,0.0,,
2026,4,TB,Bauer Sharp,B Sharp,TE,0,26,0.0,0,0,0,0,0,4,63,0.06,0.0,0.0533,3,0,25,0.0,,0,0,0,0,0,0,0.0,,
2026,4,TB,Sean Tucker,S Tucker,RB,0,26,0.0,0,0,0,0,0,3,63,0.05,0.0,0.01,1,3,25,0.12,0.125,10,1,3,1,1,1,3.5,2.8,7.0
2026,4,TEN,Carnell Tate,C Tate,WR,12,28,0.4286,0,2,9,145,0,54,64,0.84,0.2552,0.8367,3,0,22,0.0,,0,0,0,0,0,9,19.1,17.4,21.5
2026,4,TEN,Wan'Dale Robinson,W Robinson,WR,5,28,0.1786,1,0,3,19,1,43,64,0.67,0.1958,0.66,3,1,22,0.0455,,1,0,0,0,0,3,8.5,8.2,11.0
2026,4,TEN,Tony Pollard,T Pollard,RB,4,28,0.1429,0,1,2,2,0,34,64,0.53,0.0815,0.5333,3,16,22,0.7273,0.7692,48,1,8,8,4,10,22.8,19.0,13.0
2026,4,TEN,Calvin Ridley,C Ridley,WR,2,28,0.0714,0,0,1,13,0,30,64,0.47,0.0487,0.53,3,0,22,0.0,,0,0,0,0,0,1,3.2,2.7,2.3
2026,4,TEN,Gunnar Helm,G Helm,TE,1,28,0.0357,0,0,1,5,0,46,64,0.72,0.1368,0.8167,3,0,22,0.0,,0,0,0,0,0,1,1.6,1.9,3.5
2026,4,TEN,Elic Ayomanor,E Ayomanor,WR,1,28,0.0357,0,0,1,22,0,40,64,0.62,0.1231,0.6167,3,0,22,0.0,,0,0,0,0,0,1,1.6,2.0,3.2
2026,4,TEN,Daniel Bellinger,D Bellinger,TE,1,28,0.0357,0,0,1,2,0,33,64,0.52,0.0506,0.3767,3,0,22,0.0,,0,0,0,0,0,1,1.6,1.4,1.2
2026,4,TEN,Tyjae Spears,T Spears,RB,1,28,0.0357,0,0,1,-1,0,23,64,0.36,0.0868,0.4433,3,2,22,0.0909,0.1154,7,0,1,0,0,1,2.8,1.9,1.6
2026,4,TEN,Chimere Dike,C Dike,WR,1,28,0.0357,0,0,1,15,0,8,64,0.12,0.0214,0.0733,3,0,22,0.0,,0,0,0,0,0,1,1.6,1.3,2.5
2026,4,TEN,Nicholas Singleton,N Singleton,RB,0,28,0.0,0,0,0,0,0,8,64,0.12,0.0,0.11,1,3,22,0.1364,0.1154,2,0,0,0,0,0,1.7,1.5,0.2
2026,4,TEN,David Martin-Robinson,D Martin-Robinson,TE,0,28,0.0,0,0,0,0,0,1,64,0.02,0.0,0.08,2,0,22,0.0,,0,0,0,0,0,0,0.0,,
2026,4,WAS,Stefon Diggs,S Diggs,WR,9,36,0.25,0,0,5,35,0,42,64,0.66,0.24,0.5767,3,0,20,0.0,,0,0,0,0,0,5,14.3,12.7,8.5
2026,4,WAS,Antonio Williams,A Williams,WR,8,36,0.2222,0,0,3,21,0,44,64,0.69,0.1198,0.4233,3,0,20,0.0,,0,0,0,0,0,3,12.7,12.0,5.1
2026,4,WAS,Chig Okonkwo,C Okonkwo,TE,4,36,0.1111,0,0,2,5,0,37,64,0.58,0.1034,0.56,1,0,20,0.0,,0,0,0,0,0,2,6.4,5.5,2.5
2026,4,WAS,Dyami Brown,D Brown,WR,4,36,0.1111,0,0,3,65,0,36,64,0.56,0.0929,0.46,3,0,20,0.0,,0,0,0,0,0,3,6.4,7.3,9.5
2026,4,WAS,Jacory Croskey-Merritt,J Croskey-Merritt,RB,4,36,0.1111,1,0,2,35,0,29,64,0.45,0.0324,0.4767,3,9,20,0.45,0.5417,15,0,1,0,0,2,11.6,10.7,7.0
2026,4,WAS,Treylon Burks,T Burks,WR,3,36,0.0833,0,1,1,47,1,38,64,0.59,0.048,0.33,2,0,20,0.0,,0,0,0,0,0,1,4.8,5.7,11.7
2026,4,WAS,Austin Ekeler,A Ekeler,RB,2,36,0.0556,0,1,1,11,0,17,64,0.27,,,0,4,20,0.2,0.25,29,0,0,0,0,1,5.5,4.4,5.0
2026,4,WAS,Brandon Coleman,B Coleman,T,1,36,0.0278,0,0,1,13,0,63,64,0.98,0.0,0.9533,3,0,20,0.0,,0,0,0,0,0,1,1.6,1.3,2.3
2026,4,WAS,Colson Yankoff,C Yankoff,TE,1,36,0.0278,0,0,0,0,0,7,64,0.11,0.032,0.2633,3,0,20,0.0,,0,0,0,0,0,0,1.6,1.8,0.0
2026,4,WAS,Athan Kaliakmanis,A Kaliakmanis,QB,0,36,0.0,0,0,0,0,0,54,64,0.84,,,0,1,20,0.05,,-1,0,0,0,0,0,0.6,12.4,11.0
2026,4,WAS,John Bates,J Bates,TE,0,36,0.0,0,0,0,0,0,27,64,0.42,0.0456,0.4467,3,0,20,0.0,,0,0,0,0,0,0,0.0,,
2026,4,WAS,Ben Sinnott,B Sinnott,TE,0,36,0.0,0,0,0,0,0,24,64,0.38,0.0209,0.4767,3,0,20,0.0,,0,0,0,0,0,0,0.0,,
2026,4,WAS,Kaytron Allen,K Allen,RB,0,36,0.0,0,0,0,0,0,12,64,0.19,0.0,0.09,2,3,20,0.15,0.125,1,0,1,1,0,1,1.7,2.0,0.1
2026,4,WAS,Marcus Mariota,M Mariota,QB,0,36,0.0,0,0,0,0,0,10,64,0.16,0.0,0.725,2,1,20,0.05,,35,0,0,0,0,0,0.6,2.8,5.3
2026,4,WAS,Craig Reynolds,C Reynolds,RB,0,36,0.0,0,0,0,0,0,6,64,0.09,,,0,2,20,0.1,0.0833,4,0,0,0,0,0,1.2,0.7,0.4
2026,4,WAS,Jaylin Lane,J Lane,WR,0,36,0.0,0,0,0,0,0,1,64,0.02,0.0226,0.16,3,0,20,0.0,,0,0,0,0,0,0,0.0,,
