season,week,team,player,label,pos,targets,team_targets,tgt_share,rz_targets,drops,rec,rec_yds,rec_td,snaps,team_snaps,snap_pct,prior_tgt_share,prior_snap_pct,prior_games,window_weeks
2026,2,ARI,Trey McBride,T McBride,TE,23,63,0.3651,6,1,17,136,2,104,125,0.832,,,0,1-2
2026,2,ARI,Michael Wilson,M Wilson,WR,14,63,0.2222,0,0,7,74,0,111,125,0.888,,,0,1-2
2026,2,ARI,Kendrick Bourne,K Bourne,WR,11,63,0.1746,1,0,10,86,0,80,125,0.64,,,0,1-2
2026,2,ARI,Jeremiyah Love,J Love,RB,7,63,0.1111,1,1,5,25,0,52,125,0.416,,,0,1-2
2026,2,ARI,Marvin Harrison Jr.,M Harrison,WR,4,63,0.0635,0,1,1,33,0,96,125,0.768,,,0,1-2
2026,2,ARI,Tyler Allgeier,T Allgeier,RB,4,63,0.0635,1,0,4,18,0,76,125,0.608,,,0,1-2
2026,2,ARI,Hunter Long,H Long,TE,0,63,0.0,0,0,0,0,0,41,125,0.328,,,0,1-2
2026,2,ARI,Elijah Higgins,E Higgins,TE,0,63,0.0,0,0,0,0,0,33,125,0.264,,,0,1-2
2026,2,ARI,Simi Fehoko,S Fehoko,WR,0,63,0.0,0,0,0,0,0,12,125,0.096,,,0,1-2
2026,2,ARI,Jalen Brooks,J Brooks,WR,0,63,0.0,0,0,0,0,0,6,125,0.048,,,0,1-2
2026,2,ARI,Bam Knight,B Knight,RB,0,63,0.0,0,0,0,0,0,6,125,0.048,,,0,1-2
2026,2,ATL,Bijan Robinson,B Robinson,RB,14,50,0.28,0,0,11,99,1,81,129,0.6279,,,0,1-2
2026,2,ATL,Drake London,D London,WR,9,50,0.18,0,0,6,80,0,102,129,0.7907,,,0,1-2
2026,2,ATL,Jahan Dotson,J Dotson,WR,7,50,0.14,0,0,3,30,0,90,129,0.6977,,,0,1-2
2026,2,ATL,Kyle Pitts,K Pitts,TE,4,50,0.08,0,0,1,15,0,64,129,0.4961,,,0,1-2
2026,2,ATL,Olamide Zaccheaus,O Zaccheaus,WR,4,50,0.08,0,0,2,8,0,48,129,0.3721,,,0,1-2
2026,2,ATL,Austin Hooper,A Hooper,TE,4,50,0.08,0,0,2,20,0,44,129,0.3411,,,0,1-2
2026,2,ATL,Chris Blair,C Blair,WR,3,50,0.06,0,1,1,6,0,44,129,0.3411,,,0,1-2
2026,2,ATL,Brian Robinson,B Robinson,RB,2,50,0.04,0,0,2,16,0,48,129,0.3721,,,0,1-2
2026,2,ATL,Zachariah Branch,Z Branch,WR,2,50,0.04,0,0,2,14,0,32,129,0.2481,,,0,1-2
2026,2,ATL,Charlie Woerner,C Woerner,TE,1,50,0.02,0,0,0,0,0,71,129,0.5504,,,0,1-2
2026,2,ATL,Nick Muse,N Muse,TE,0,50,0.0,0,0,0,0,0,19,129,0.1473,,,0,1-2
2026,2,BAL,Mark Andrews,M Andrews,TE,13,53,0.2453,1,2,10,98,0,90,126,0.7143,,,0,1-2
2026,2,BAL,Rashod Bateman,R Bateman,WR,10,53,0.1887,1,0,7,88,1,107,126,0.8492,,,0,1-2
2026,2,BAL,Zay Flowers,Z Flowers,WR,6,53,0.1132,0,0,5,150,1,20,126,0.1587,,,0,1-2
2026,2,BAL,Chris Moore,C Moore,WR,5,53,0.0943,0,0,2,59,0,57,126,0.4524,,,0,1-2
2026,2,BAL,Derrick Henry,D Henry,RB,4,53,0.0755,0,0,4,38,0,68,126,0.5397,,,0,1-2
2026,2,BAL,LaJohntay Wester,L Wester,WR,4,53,0.0755,0,0,3,29,0,51,126,0.4048,,,0,1-2
2026,2,BAL,Justice Hill,J Hill,RB,3,53,0.0566,0,0,3,22,0,58,126,0.4603,,,0,1-2
2026,2,BAL,Ja'Kobi Lane,J Lane,WR,3,53,0.0566,2,0,1,11,0,27,126,0.2143,,,0,1-2
2026,2,BAL,Durham Smythe,D Smythe,TE,2,53,0.0377,1,0,1,4,0,74,126,0.5873,,,0,1-2
2026,2,BAL,Devontez Walker,D Walker,WR,2,53,0.0377,0,0,1,47,0,17,126,0.1349,,,0,1-2
2026,2,BAL,Matthew Hibner,M Hibner,TE,1,53,0.0189,0,0,1,13,0,42,126,0.3333,,,0,1-2
2026,2,BAL,Josh Cuevas,J Cuevas,TE,0,53,0.0,0,0,0,0,0,11,126,0.0873,,,0,1-2
2026,2,BUF,Dalton Kincaid,D Kincaid,TE,14,56,0.25,1,0,12,225,1,91,132,0.6894,,,0,1-2
2026,2,BUF,Khalil Shakir,K Shakir,WR,12,56,0.2143,3,1,7,78,0,67,132,0.5076,,,0,1-2
2026,2,BUF,DJ Moore,D Moore,WR,8,56,0.1429,0,0,5,100,1,67,132,0.5076,,,0,1-2
2026,2,BUF,James Cook,J Cook,RB,7,56,0.125,2,0,4,16,0,97,132,0.7348,,,0,1-2
2026,2,BUF,Keon Coleman,K Coleman,WR,7,56,0.125,1,0,7,64,0,84,132,0.6364,,,0,1-2
2026,2,BUF,Josh Palmer,J Palmer,WR,5,56,0.0893,0,1,2,77,2,46,132,0.3485,,,0,1-2
2026,2,BUF,Dawson Knox,D Knox,TE,3,56,0.0536,1,0,3,12,1,95,132,0.7197,,,0,1-2
2026,2,BUF,Jackson Hawes,J Hawes,TE,0,56,0.0,0,0,0,0,0,62,132,0.4697,,,0,1-2
2026,2,BUF,Frank Gore Jr.,F Gore,RB,0,56,0.0,0,0,0,0,0,20,132,0.1515,,,0,1-2
2026,2,BUF,Ray Davis,R Davis,RB,0,56,0.0,0,0,0,0,0,15,132,0.1136,,,0,1-2
2026,2,BUF,Keleki Latu,K Latu,TE,0,56,0.0,0,0,0,0,0,10,132,0.0758,,,0,1-2
2026,2,BUF,Greg Dortch,G Dortch,WR,0,56,0.0,0,0,0,0,0,4,132,0.0303,,,0,1-2
2026,2,CAR,Tetairoa McMillan,T McMillan,WR,18,66,0.2727,4,0,10,176,0,109,134,0.8134,,,0,1-2
2026,2,CAR,Jalen Coker,J Coker,WR,18,66,0.2727,5,0,16,204,2,107,134,0.7985,,,0,1-2
2026,2,CAR,Tommy Tremble,T Tremble,TE,7,66,0.1061,1,0,4,29,0,75,134,0.5597,,,0,1-2
2026,2,CAR,Xavier Legette,X Legette,WR,6,66,0.0909,1,1,2,64,0,69,134,0.5149,,,0,1-2
2026,2,CAR,Chuba Hubbard,C Hubbard,RB,5,66,0.0758,2,0,5,49,2,91,134,0.6791,,,0,1-2
2026,2,CAR,Darren Waller,D Waller,TE,5,66,0.0758,2,0,5,61,2,53,134,0.3955,,,0,1-2
2026,2,CAR,Mitchell Evans,M Evans,TE,3,66,0.0455,2,0,2,22,0,65,134,0.4851,,,0,1-2
2026,2,CAR,Jonathon Brooks,J Brooks,RB,3,66,0.0455,1,0,2,43,0,33,134,0.2463,,,0,1-2
2026,2,CAR,Jimmy Horn Jr.,J Horn,WR,1,66,0.0152,0,0,0,0,0,14,134,0.1045,,,0,1-2
2026,2,CAR,Brycen Tremayne,B Tremayne,WR,0,66,0.0,0,0,0,0,0,23,134,0.1716,,,0,1-2
2026,2,CAR,AJ Dillon,A Dillon,RB,0,66,0.0,0,0,0,0,0,11,134,0.0821,,,0,1-2
2026,2,CAR,Feleipe Franks,F Franks,TE,0,66,0.0,0,0,0,0,0,9,134,0.0672,,,0,1-2
2026,2,CAR,John Metchie III,J Metchie,WR,0,66,0.0,0,0,0,0,0,7,134,0.0522,,,0,1-2
2026,2,CHI,Kalif Raymond,K Raymond,WR,14,56,0.25,2,0,13,124,0,91,149,0.6107,,,0,1-2
2026,2,CHI,Luther Burden III,L Burden,WR,12,56,0.2143,1,0,8,95,0,97,149,0.651,,,0,1-2
2026,2,CHI,Rome Odunze,R Odunze,WR,7,56,0.125,0,1,5,95,0,98,149,0.6577,,,0,1-2
2026,2,CHI,D'Andre Swift,D Swift,RB,6,56,0.1071,1,0,6,64,0,93,149,0.6242,,,0,1-2
2026,2,CHI,Colston Loveland,C Loveland,TE,5,56,0.0893,2,0,1,3,0,129,149,0.8658,,,0,1-2
2026,2,CHI,Cole Kmet,C Kmet,TE,4,56,0.0714,0,0,2,35,1,94,149,0.6309,,,0,1-2
2026,2,CHI,Kyle Monangai,K Monangai,RB,4,56,0.0714,1,0,4,35,0,57,149,0.3826,,,0,1-2
2026,2,CHI,Sam Roush,S Roush,TE,3,56,0.0536,1,2,1,9,0,32,149,0.2148,,,0,1-2
2026,2,CHI,Jahdae Walker,J Walker,WR,1,56,0.0179,1,0,1,1,1,41,149,0.2752,,,0,1-2
2026,2,CHI,Kaden Davis,K Davis,WR,0,56,0.0,0,0,0,0,0,10,149,0.0671,,,0,1-2
2026,2,CHI,Zavion Thomas,Z Thomas,WR,0,56,0.0,0,0,0,0,0,2,149,0.0134,,,0,1-2
2026,2,CHI,Roschon Johnson,R Johnson,RB,0,56,0.0,0,0,0,0,0,1,149,0.0067,,,0,1-2
2026,2,CIN,Tee Higgins,T Higgins,WR,16,65,0.2462,0,1,8,154,0,89,124,0.7177,,,0,1-2
2026,2,CIN,Ja'Marr Chase,J Chase,WR,13,65,0.2,2,0,9,87,2,113,124,0.9113,,,0,1-2
2026,2,CIN,Chase Brown,C Brown,HB,11,65,0.1692,1,0,8,24,0,88,124,0.7097,,,0,1-2
2026,2,CIN,Mike Gesicki,M Gesicki,TE,7,65,0.1077,2,0,5,78,1,42,124,0.3387,,,0,1-2
2026,2,CIN,Andrei Iosivas,A Iosivas,WR,4,65,0.0615,1,0,3,19,0,71,124,0.5726,,,0,1-2
2026,2,CIN,Samaje Perine,S Perine,HB,4,65,0.0615,0,0,4,46,0,42,124,0.3387,,,0,1-2
2026,2,CIN,Drew Sample,D Sample,TE,3,65,0.0462,1,0,3,19,0,78,124,0.629,,,0,1-2
2026,2,CIN,Erick All,E All,TE,3,65,0.0462,0,0,2,5,0,45,124,0.3629,,,0,1-2
2026,2,CIN,Dohnte Meyers,D Meyers,WR,2,65,0.0308,0,1,1,18,0,21,124,0.1694,,,0,1-2
2026,2,CIN,Colbie Young,C Young,WR,1,65,0.0154,0,0,1,7,0,19,124,0.1532,,,0,1-2
2026,2,CIN,Tanner Hudson,T Hudson,TE,1,65,0.0154,0,0,1,4,0,6,124,0.0484,,,0,1-2
2026,2,CIN,Jack Endries,J Endries,TE,0,65,0.0,0,0,0,0,0,1,124,0.0081,,,0,1-2
2026,2,CLE,Denzel Boston,D Boston,WR,11,52,0.2115,2,1,7,154,2,101,109,0.9266,,,0,1-2
2026,2,CLE,KC Concepcion,K Concepcion,WR,11,52,0.2115,1,0,10,71,0,73,109,0.6697,,,0,1-2
2026,2,CLE,Harold Fannin Jr.,H Fannin,TE,9,52,0.1731,0,1,7,75,0,92,109,0.844,,,0,1-2
2026,2,CLE,Quinshon Judkins,Q Judkins,RB,7,52,0.1346,0,0,7,44,0,72,109,0.6606,,,0,1-2
2026,2,CLE,Jerry Jeudy,J Jeudy,WR,5,52,0.0962,0,0,2,26,0,66,109,0.6055,,,0,1-2
2026,2,CLE,Raheim Sanders,R Sanders,RB,4,52,0.0769,0,0,4,32,0,29,109,0.2661,,,0,1-2
2026,2,CLE,Blake Whiteheart,B Whiteheart,TE,3,52,0.0577,1,0,2,31,1,47,109,0.4312,,,0,1-2
2026,2,CLE,Isaiah Bond,I Bond,WR,1,52,0.0192,0,0,1,10,0,11,109,0.1009,,,0,1-2
2026,2,CLE,Jaleel McLaughlin,J McLaughlin,RB,1,52,0.0192,0,0,0,0,0,8,109,0.0734,,,0,1-2
2026,2,CLE,Tylan Wallace,T Wallace,WR,0,52,0.0,0,0,0,0,0,29,109,0.2661,,,0,1-2
2026,2,CLE,Michael Burton,M Burton,FB,0,52,0.0,0,0,0,0,0,16,109,0.1468,,,0,1-2
2026,2,CLE,Carsen Ryan,C Ryan,TE,0,52,0.0,0,0,0,0,0,1,109,0.0092,,,0,1-2
2026,2,DAL,CeeDee Lamb,C Lamb,WR,17,61,0.2787,3,1,13,197,3,88,113,0.7788,,,0,1-2
2026,2,DAL,George Pickens,G Pickens,WR,14,61,0.2295,1,2,9,68,0,91,113,0.8053,,,0,1-2
2026,2,DAL,Ryan Flournoy,R Flournoy,WR,10,61,0.1639,0,1,7,45,0,83,113,0.7345,,,0,1-2
2026,2,DAL,Javonte Williams,J Williams,RB,9,61,0.1475,3,0,8,51,1,85,113,0.7522,,,0,1-2
2026,2,DAL,Jake Ferguson,J Ferguson,TE,6,61,0.0984,3,0,6,49,2,77,113,0.6814,,,0,1-2
2026,2,DAL,Brevyn Spann-Ford,B Spann-Ford,TE,2,61,0.0328,0,0,2,14,0,34,113,0.3009,,,0,1-2
2026,2,DAL,Luke Schoonmaker,L Schoonmaker,TE,1,61,0.0164,0,0,1,12,0,29,113,0.2566,,,0,1-2
2026,2,DAL,Jonathan Mingo,J Mingo,WR,1,61,0.0164,0,0,1,10,0,22,113,0.1947,,,0,1-2
2026,2,DAL,KaVontae Turpin,K Turpin,WR,1,61,0.0164,0,0,1,8,0,13,113,0.115,,,0,1-2
2026,2,DAL,Hunter Luepke,H Luepke,FB,0,61,0.0,0,0,0,0,0,25,113,0.2212,,,0,1-2
2026,2,DAL,Emari Demercado,E Demercado,RB,0,61,0.0,0,0,0,0,0,14,113,0.1239,,,0,1-2
2026,2,DEN,Jaylen Waddle,J Waddle,WR,13,56,0.2321,1,1,9,140,0,76,113,0.6726,,,0,1-2
2026,2,DEN,Courtland Sutton,C Sutton,WR,9,56,0.1607,2,0,5,36,0,84,113,0.7434,,,0,1-2
2026,2,DEN,Pat Bryant,P Bryant,WR,7,56,0.125,0,1,4,42,0,71,113,0.6283,,,0,1-2
2026,2,DEN,Evan Engram,E Engram,TE,6,56,0.1071,1,0,5,60,1,64,113,0.5664,,,0,1-2
2026,2,DEN,RJ Harvey,R Harvey,RB,4,56,0.0714,0,0,4,23,0,26,113,0.2301,,,0,1-2
2026,2,DEN,Adam Trautman,A Trautman,TE,3,56,0.0536,0,0,2,10,0,59,113,0.5221,,,0,1-2
2026,2,DEN,Nate Adkins,N Adkins,TE,3,56,0.0536,1,0,3,32,1,36,113,0.3186,,,0,1-2
2026,2,DEN,Troy Franklin,T Franklin,WR,3,56,0.0536,1,0,1,27,0,30,113,0.2655,,,0,1-2
2026,2,DEN,Jonah Coleman,J Coleman,RB,3,56,0.0536,0,0,3,19,0,28,113,0.2478,,,0,1-2
2026,2,DEN,Tyler Badie,T Badie,RB,3,56,0.0536,1,0,2,28,0,16,113,0.1416,,,0,1-2
2026,2,DEN,Adam Prentice,A Prentice,FB,1,56,0.0179,0,0,1,2,0,14,113,0.1239,,,0,1-2
2026,2,DEN,Lil'Jordan Humphrey,L Humphrey,WR,1,56,0.0179,0,0,0,0,0,3,113,0.0265,,,0,1-2
2026,2,DEN,J.K. Dobbins,J Dobbins,RB,0,56,0.0,0,0,0,0,0,43,113,0.3805,,,0,1-2
2026,2,DEN,Marvin Mims Jr.,M Mims,WR,0,56,0.0,0,0,0,0,0,9,113,0.0796,,,0,1-2
2026,2,DET,Amon-Ra St. Brown,A St. Brown,WR,27,77,0.3506,6,0,19,209,4,131,142,0.9225,,,0,1-2
2026,2,DET,Sam LaPorta,S LaPorta,TE,15,77,0.1948,4,0,11,100,1,126,142,0.8873,,,0,1-2
2026,2,DET,Jameson Williams,J Williams,WR,13,77,0.1688,1,3,6,78,0,128,142,0.9014,,,0,1-2
2026,2,DET,Jahmyr Gibbs,J Gibbs,RB,13,77,0.1688,1,0,11,91,1,111,142,0.7817,,,0,1-2
2026,2,DET,Isaac TeSlaa,I TeSlaa,WR,6,77,0.0779,1,0,2,26,0,101,142,0.7113,,,0,1-2
2026,2,DET,Sione Vaki,S Vaki,RB,2,77,0.026,0,0,2,24,0,33,142,0.2324,,,0,1-2
2026,2,DET,Brock Wright,B Wright,TE,1,77,0.013,0,0,1,5,0,56,142,0.3944,,,0,1-2
2026,2,DET,Tyler Conklin,T Conklin,TE,0,77,0.0,0,0,0,0,0,14,142,0.0986,,,0,1-2
2026,2,DET,Jackson Meeks,J Meeks,TE,0,77,0.0,0,0,0,0,0,1,142,0.007,,,0,1-2
2026,2,GB,Christian Watson,C Watson,WR,19,69,0.2754,3,2,10,188,3,105,127,0.8268,,,0,1-2
2026,2,GB,Matthew Golden,M Golden,WR,18,69,0.2609,2,1,10,153,0,107,127,0.8425,,,0,1-2
2026,2,GB,Tucker Kraft,T Kraft,TE,9,69,0.1304,0,0,5,80,0,103,127,0.811,,,0,1-2
2026,2,GB,Jayden Reed,J Reed,WR,8,69,0.1159,1,0,4,24,0,41,127,0.3228,,,0,1-2
2026,2,GB,Skyy Moore,S Moore,WR,4,69,0.058,1,0,2,6,0,25,127,0.1969,,,0,1-2
2026,2,GB,Chris Brooks,C Brooks,RB,3,69,0.0435,0,0,1,15,0,65,127,0.5118,,,0,1-2
2026,2,GB,MarShawn Lloyd,M Lloyd,RB,3,69,0.0435,1,0,2,6,1,46,127,0.3622,,,0,1-2
2026,2,GB,Jonnu Smith,J Smith,TE,3,69,0.0435,0,0,2,50,0,45,127,0.3543,,,0,1-2
2026,2,GB,Bo Melton,B Melton,WR,2,69,0.029,0,0,1,10,0,17,127,0.1339,,,0,1-2
2026,2,GB,Mark Redman,M Redman,TE,0,69,0.0,0,0,0,0,0,41,127,0.3228,,,0,1-2
2026,2,GB,Kaleb Johnson,K Johnson,RB,0,69,0.0,0,0,0,0,0,16,127,0.126,,,0,1-2
2026,2,GB,Josh Whyle,J Whyle,TE,0,69,0.0,0,0,0,0,0,11,127,0.0866,,,0,1-2
2026,2,GB,J. Michael Sturdivant,J Sturdivant,WR,0,69,0.0,0,0,0,0,0,9,127,0.0709,,,0,1-2
2026,2,HOU,Dalton Schultz,D Schultz,TE,22,87,0.2529,0,0,16,175,0,106,159,0.6667,,,0,1-2
2026,2,HOU,Xavier Hutchinson,X Hutchinson,WR,15,87,0.1724,1,0,6,69,0,109,159,0.6855,,,0,1-2
2026,2,HOU,Nico Collins,N Collins,WR,10,87,0.1149,2,0,7,75,1,57,159,0.3585,,,0,1-2
2026,2,HOU,Jared Wayne,J Wayne,WR,8,87,0.092,1,0,3,45,0,65,159,0.4088,,,0,1-2
2026,2,HOU,Kayshon Boutte,K Boutte,WR,7,87,0.0805,1,0,4,58,0,94,159,0.5912,,,0,1-2
2026,2,HOU,Woody Marks,W Marks,RB,7,87,0.0805,1,0,6,25,0,78,159,0.4906,,,0,1-2
2026,2,HOU,Jaylin Noel,J Noel,WR,7,87,0.0805,0,0,3,84,0,72,159,0.4528,,,0,1-2
2026,2,HOU,David Montgomery,D Montgomery,RB,5,87,0.0575,1,0,5,33,1,81,159,0.5094,,,0,1-2
2026,2,HOU,Foster Moreau,F Moreau,TE,4,87,0.046,0,0,4,49,0,58,159,0.3648,,,0,1-2
2026,2,HOU,Cade Stover,C Stover,TE,1,87,0.0115,0,0,1,-2,0,32,159,0.2013,,,0,1-2
2026,2,HOU,Marlin Klein,M Klein,TE,1,87,0.0115,0,0,1,16,0,18,159,0.1132,,,0,1-2
2026,2,HOU,Lewis Bond,L Bond,WR,0,87,0.0,0,0,0,0,0,13,159,0.0818,,,0,1-2
2026,2,IND,Josh Downs,J Downs,WR,13,59,0.2203,2,0,9,109,0,102,119,0.8571,,,0,1-2
2026,2,IND,Tyler Warren,T Warren,TE,12,59,0.2034,3,2,9,34,2,108,119,0.9076,,,0,1-2
2026,2,IND,Keenan Allen,K Allen,WR,11,59,0.1864,1,0,7,37,0,69,119,0.5798,,,0,1-2
2026,2,IND,Jonathan Taylor,J Taylor,RB,8,59,0.1356,0,0,7,63,0,109,119,0.916,,,0,1-2
2026,2,IND,Alec Pierce,A Pierce,WR,7,59,0.1186,1,0,5,72,0,49,119,0.4118,,,0,1-2
2026,2,IND,Laquon Treadwell,L Treadwell,WR,4,59,0.0678,0,0,3,61,0,67,119,0.563,,,0,1-2
2026,2,IND,Andrew Ogletree,A Ogletree,TE,2,59,0.0339,0,1,0,0,0,25,119,0.2101,,,0,1-2
2026,2,IND,Ashton Dulin,A Dulin,WR,1,59,0.0169,0,0,0,0,0,10,119,0.084,,,0,1-2
2026,2,IND,Seth McGowan,S McGowan,RB,1,59,0.0169,0,0,1,0,0,10,119,0.084,,,0,1-2
2026,2,IND,Mo Alie-Cox,M Alie-Cox,TE,0,59,0.0,0,0,0,0,0,39,119,0.3277,,,0,1-2
2026,2,IND,Deion Burks,D Burks,WR,0,59,0.0,0,0,0,0,0,3,119,0.0252,,,0,1-2
2026,2,JAX,Parker Washington,P Washington,WR,18,49,0.3673,0,0,12,181,1,83,116,0.7155,,,0,1-2
2026,2,JAX,Brian Thomas Jr.,B Thomas,WR,11,49,0.2245,0,2,6,80,0,52,116,0.4483,,,0,1-2
2026,2,JAX,Brenton Strange,B Strange,TE,5,49,0.102,2,0,4,40,1,88,116,0.7586,,,0,1-2
2026,2,JAX,Jakobi Meyers,J Meyers,WR,3,49,0.0612,0,0,3,68,1,90,116,0.7759,,,0,1-2
2026,2,JAX,Bhayshul Tuten,B Tuten,RB,3,49,0.0612,1,0,3,19,0,58,116,0.5,,,0,1-2
2026,2,JAX,Quintin Morris,Q Morris,TE,2,49,0.0408,0,1,1,7,0,37,116,0.319,,,0,1-2
2026,2,JAX,Josh Cameron,J Cameron,WR,2,49,0.0408,1,0,2,20,1,29,116,0.25,,,0,1-2
2026,2,JAX,Ameer Abdullah,A Abdullah,RB,2,49,0.0408,0,0,2,2,0,11,116,0.0948,,,0,1-2
2026,2,JAX,Nate Boerkircher,N Boerkircher,TE,1,49,0.0204,0,0,1,9,0,61,116,0.5259,,,0,1-2
2026,2,JAX,Travis Hunter,T Hunter,WR,1,49,0.0204,0,0,1,8,0,10,116,0.0862,,,0,1-2
2026,2,JAX,LeQuint Allen Jr.,L Allen,RB,1,49,0.0204,1,0,0,0,0,10,116,0.0862,,,0,1-2
2026,2,JAX,Chris Rodriguez Jr.,C Rodriguez,RB,0,49,0.0,0,0,0,0,0,36,116,0.3103,,,0,1-2
2026,2,JAX,C.J. Williams,C Williams,WR,0,49,0.0,0,0,0,0,0,10,116,0.0862,,,0,1-2
2026,2,KC,Travis Kelce,T Kelce,TE,16,68,0.2353,1,1,12,172,1,117,149,0.7852,,,0,1-2
2026,2,KC,Kenneth Walker III,K Walker,RB,16,68,0.2353,3,2,9,79,1,113,149,0.7584,,,0,1-2
2026,2,KC,Xavier Worthy,X Worthy,WR,13,68,0.1912,4,0,8,43,1,122,149,0.8188,,,0,1-2
2026,2,KC,Rashee Rice,R Rice,WR,8,68,0.1176,2,0,6,102,1,120,149,0.8054,,,0,1-2
2026,2,KC,Tyquan Thornton,T Thornton,WR,5,68,0.0735,0,0,4,86,0,94,149,0.6309,,,0,1-2
2026,2,KC,Emmett Johnson,E Johnson,RB,4,68,0.0588,0,0,4,64,0,39,149,0.2617,,,0,1-2
2026,2,KC,Noah Gray,N Gray,TE,2,68,0.0294,0,0,1,5,0,78,149,0.5235,,,0,1-2
2026,2,KC,Jalen Royals,J Royals,WR,2,68,0.0294,1,0,2,6,1,12,149,0.0805,,,0,1-2
2026,2,KC,Jake Briningstool,J Briningstool,TE,1,68,0.0147,0,0,1,9,0,23,149,0.1544,,,0,1-2
2026,2,KC,Cyrus Allen,C Allen,WR,1,68,0.0147,0,0,0,0,0,4,149,0.0268,,,0,1-2
2026,2,KC,Ben VanSumeren,B VanSumeren,FB,0,68,0.0,0,0,0,0,0,3,149,0.0201,,,0,1-2
2026,2,LA,Davante Adams,D Adams,WR,16,57,0.2807,1,0,11,221,2,73,123,0.5935,,,0,1-2
2026,2,LA,Terrance Ferguson,T Ferguson,TE,10,57,0.1754,1,2,6,54,1,67,123,0.5447,,,0,1-2
2026,2,LA,Puka Nacua,P Nacua,WR,9,57,0.1579,1,0,5,74,0,43,123,0.3496,,,0,1-2
2026,2,LA,Kyren Williams,K Williams,RB,5,57,0.0877,1,0,5,36,1,73,123,0.5935,,,0,1-2
2026,2,LA,Colby Parkinson,C Parkinson,TE,4,57,0.0702,1,0,3,21,0,91,123,0.7398,,,0,1-2
2026,2,LA,Konata Mumpfield,K Mumpfield,WR,3,57,0.0526,0,0,1,12,0,59,123,0.4797,,,0,1-2
2026,2,LA,Davis Allen,D Allen,TE,2,57,0.0351,0,0,2,20,0,53,123,0.4309,,,0,1-2
2026,2,LA,Tyler Higbee,T Higbee,TE,2,57,0.0351,0,0,2,12,0,28,123,0.2276,,,0,1-2
2026,2,LA,Tutu Atwell,T Atwell,WR,2,57,0.0351,0,0,1,19,0,11,123,0.0894,,,0,1-2
2026,2,LA,Xavier Smith,X Smith,WR,1,57,0.0175,1,1,0,0,0,42,123,0.3415,,,0,1-2
2026,2,LA,Blake Corum,B Corum,RB,1,57,0.0175,0,0,1,13,0,42,123,0.3415,,,0,1-2
2026,2,LA,Jordan Whittington,J Whittington,WR,1,57,0.0175,0,0,1,8,0,25,123,0.2033,,,0,1-2
2026,2,LA,Ronnie Rivers,R Rivers,RB,1,57,0.0175,0,0,1,5,0,8,123,0.065,,,0,1-2
2026,2,LAC,Quentin Johnston,Q Johnston,WR,11,53,0.2075,0,1,3,24,0,98,123,0.7967,,,0,1-2
2026,2,LAC,Ladd McConkey,L McConkey,WR,10,53,0.1887,2,0,8,117,1,58,123,0.4715,,,0,1-2
2026,2,LAC,Tre Harris,T Harris,WR,9,53,0.1698,0,0,4,73,0,97,123,0.7886,,,0,1-2
2026,2,LAC,David Njoku,D Njoku,TE,8,53,0.1509,1,1,6,67,0,41,123,0.3333,,,0,1-2
2026,2,LAC,Oronde Gadsden II,O Gadsden,TE,4,53,0.0755,1,0,4,50,1,40,123,0.3252,,,0,1-2
2026,2,LAC,Charlie Kolar,C Kolar,TE,3,53,0.0566,0,0,3,21,0,72,123,0.5854,,,0,1-2
2026,2,LAC,Brenen Thompson,B Thompson,WR,3,53,0.0566,0,1,1,13,0,22,123,0.1789,,,0,1-2
2026,2,LAC,Omarion Hampton,O Hampton,RB,2,53,0.0377,0,0,2,21,0,75,123,0.6098,,,0,1-2
2026,2,LAC,Derius Davis,D Davis,WR,2,53,0.0377,0,0,0,0,0,18,123,0.1463,,,0,1-2
2026,2,LAC,Keaton Mitchell,K Mitchell,RB,1,53,0.0189,0,0,1,15,0,34,123,0.2764,,,0,1-2
2026,2,LAC,Alec Ingold,A Ingold,FB,0,53,0.0,0,0,0,0,0,49,123,0.3984,,,0,1-2
2026,2,LAC,Kimani Vidal,K Vidal,RB,0,53,0.0,0,0,0,0,0,11,123,0.0894,,,0,1-2
2026,2,LV,Ashton Jeanty,A Jeanty,RB,13,58,0.2241,4,3,10,60,2,101,131,0.771,,,0,1-2
2026,2,LV,Michael Mayer,M Mayer,TE,11,58,0.1897,1,0,9,55,0,108,131,0.8244,,,0,1-2
2026,2,LV,Tre Tucker,T Tucker,WR,11,58,0.1897,1,0,7,146,1,85,131,0.6489,,,0,1-2
2026,2,LV,Jalen Nailor,J Nailor,WR,8,58,0.1379,1,1,4,36,0,79,131,0.6031,,,0,1-2
2026,2,LV,Jack Bech,J Bech,WR,6,58,0.1034,2,0,5,48,1,61,131,0.4656,,,0,1-2
2026,2,LV,Malik Benson,M Benson,WR,3,58,0.0517,0,0,1,6,0,15,131,0.1145,,,0,1-2
2026,2,LV,Cody White,C White,WR,3,58,0.0517,2,1,2,24,2,0,131,0.0,,,0,1-2
2026,2,LV,Ian Thomas,I Thomas,TE,1,58,0.0172,0,0,1,11,0,62,131,0.4733,,,0,1-2
2026,2,LV,Mike Washington Jr.,M Washington,RB,1,58,0.0172,0,0,0,0,0,25,131,0.1908,,,0,1-2
2026,2,LV,Dareke Young,D Young,WR,1,58,0.0172,0,0,1,27,0,22,131,0.1679,,,0,1-2
2026,2,LV,Connor Heyward,C Heyward,FB,0,58,0.0,0,0,0,0,0,51,131,0.3893,,,0,1-2
2026,2,LV,Cody White,C White,WR,0,58,0.0,0,0,0,0,0,18,131,0.1374,,,0,1-2
2026,2,LV,Dylan Laube,D Laube,RB,0,58,0.0,0,0,0,0,0,18,131,0.1374,,,0,1-2
2026,2,LV,Chris Myarick,C Myarick,TE,0,58,0.0,0,0,0,0,0,8,131,0.0611,,,0,1-2
2026,2,MIA,Malik Washington,M Washington,WR,13,50,0.26,0,0,7,96,0,98,115,0.8522,,,0,1-2
2026,2,MIA,De'Von Achane,D Achane,RB,11,50,0.22,0,0,7,49,0,93,115,0.8087,,,0,1-2
2026,2,MIA,Caleb Douglas,C Douglas,WR,10,50,0.2,1,1,7,113,0,102,115,0.887,,,0,1-2
2026,2,MIA,Greg Dulcich,G Dulcich,TE,5,50,0.1,1,0,4,35,0,79,115,0.687,,,0,1-2
2026,2,MIA,Chris Bell,C Bell,WR,3,50,0.06,0,0,1,25,0,53,115,0.4609,,,0,1-2
2026,2,MIA,DJ Herman,D Herman,FB,3,50,0.06,0,0,1,18,0,32,115,0.2783,,,0,1-2
2026,2,MIA,Kevin Coleman Jr.,K Coleman,WR,2,50,0.04,0,0,0,0,0,43,115,0.3739,,,0,1-2
2026,2,MIA,Will Kacmarek,W Kacmarek,TE,2,50,0.04,0,0,1,4,0,42,115,0.3652,,,0,1-2
2026,2,MIA,Ryan Miller,R Miller,WR,1,50,0.02,0,0,1,77,1,7,115,0.0609,,,0,1-2
2026,2,MIA,Ollie Gordon II,O Gordon,RB,0,50,0.0,0,0,0,0,0,15,115,0.1304,,,0,1-2
2026,2,MIA,Jaylen Wright,J Wright,RB,0,50,0.0,0,0,0,0,0,7,115,0.0609,,,0,1-2
2026,2,MIN,Justin Jefferson,J Jefferson,WR,15,42,0.3571,3,0,11,147,2,112,117,0.9573,,,0,1-2
2026,2,MIN,T.J. Hockenson,T Hockenson,TE,9,42,0.2143,2,0,7,65,1,79,117,0.6752,,,0,1-2
2026,2,MIN,Jordan Addison,J Addison,WR,7,42,0.1667,0,0,2,21,0,100,117,0.8547,,,0,1-2
2026,2,MIN,Josh Oliver,J Oliver,TE,5,42,0.119,0,0,3,46,0,73,117,0.6239,,,0,1-2
2026,2,MIN,DeeJay Dallas,D Dallas,RB,2,42,0.0476,0,0,2,13,0,14,117,0.1197,,,0,1-2
2026,2,MIN,Aaron Jones,A Jones,RB,1,42,0.0238,0,0,0,0,0,72,117,0.6154,,,0,1-2
2026,2,MIN,Jauan Jennings,J Jennings,WR,1,42,0.0238,0,0,0,0,0,31,117,0.265,,,0,1-2
2026,2,MIN,Myles Price,M Price,WR,1,42,0.0238,0,0,0,0,0,29,117,0.2479,,,0,1-2
2026,2,MIN,Demond Claiborne,D Claiborne,RB,1,42,0.0238,0,0,1,2,0,2,117,0.0171,,,0,1-2
2026,2,MIN,Max Bredeson,M Bredeson,FB,0,42,0.0,0,0,0,0,0,41,117,0.3504,,,0,1-2
2026,2,MIN,Jordan Mason,J Mason,RB,0,42,0.0,0,0,0,0,0,29,117,0.2479,,,0,1-2
2026,2,MIN,Tai Felton,T Felton,WR,0,42,0.0,0,0,0,0,0,3,117,0.0256,,,0,1-2
2026,2,NE,DeMario Douglas,D Douglas,WR,9,52,0.1731,0,0,6,29,0,70,126,0.5556,,,0,1-2
2026,2,NE,Hunter Henry,H Henry,TE,8,52,0.1538,1,0,6,66,0,104,126,0.8254,,,0,1-2
2026,2,NE,Rhamondre Stevenson,R Stevenson,RB,8,52,0.1538,0,1,6,47,0,80,126,0.6349,,,0,1-2
2026,2,NE,Mack Hollins,M Hollins,WR,7,52,0.1346,1,0,6,69,0,89,126,0.7063,,,0,1-2
2026,2,NE,Romeo Doubs,R Doubs,WR,7,52,0.1346,0,1,3,96,0,77,126,0.6111,,,0,1-2
2026,2,NE,A.J. Brown,A Brown,WR,4,52,0.0769,0,0,3,26,0,31,126,0.246,,,0,1-2
2026,2,NE,Eli Raridon,E Raridon,TE,2,52,0.0385,1,0,2,32,1,49,126,0.3889,,,0,1-2
2026,2,NE,Reggie Gilliam,R Gilliam,FB,2,52,0.0385,0,0,1,4,0,33,126,0.2619,,,0,1-2
2026,2,NE,Kyle Williams,K Williams,WR,2,52,0.0385,0,0,1,10,0,23,126,0.1825,,,0,1-2
2026,2,NE,Lan Larison,L Larison,RB,2,52,0.0385,0,0,2,9,0,3,126,0.0238,,,0,1-2
2026,2,NE,Efton Chism III,E Chism,WR,1,52,0.0192,0,0,1,-2,0,10,126,0.0794,,,0,1-2
2026,2,NE,TreVeyon Henderson,T Henderson,RB,0,52,0.0,0,0,0,0,0,33,126,0.2619,,,0,1-2
2026,2,NE,Cameron Latu,C Latu,TE,0,52,0.0,0,0,0,0,0,14,126,0.1111,,,0,1-2
2026,2,NE,Corey Kiner,C Kiner,RB,0,52,0.0,0,0,0,0,0,12,126,0.0952,,,0,1-2
2026,2,NO,Chris Olave,C Olave,WR,23,84,0.2738,0,1,18,268,1,134,158,0.8481,,,0,1-2
2026,2,NO,Devaughn Vele,D Vele,WR,16,84,0.1905,2,1,12,133,1,147,158,0.9304,,,0,1-2
2026,2,NO,Juwan Johnson,J Johnson,TE,11,84,0.131,3,0,7,120,1,112,158,0.7089,,,0,1-2
2026,2,NO,Travis Etienne,T Etienne,RB,11,84,0.131,2,0,9,38,0,90,158,0.5696,,,0,1-2
2026,2,NO,Noah Fant,N Fant,TE,8,84,0.0952,1,0,4,33,1,67,158,0.4241,,,0,1-2
2026,2,NO,Alvin Kamara,A Kamara,RB,6,84,0.0714,1,1,5,7,0,20,158,0.1266,,,0,1-2
2026,2,NO,Bryce Lance,B Lance,WR,5,84,0.0595,0,0,4,50,0,116,158,0.7342,,,0,1-2
2026,2,NO,CJ Donaldson,C Donaldson,RB,2,84,0.0238,0,0,1,-2,0,35,158,0.2215,,,0,1-2
2026,2,NO,Kevin Austin Jr.,K Austin,WR,1,84,0.0119,0,0,1,7,0,10,158,0.0633,,,0,1-2
2026,2,NO,Oscar Delp,O Delp,TE,1,84,0.0119,0,0,1,8,0,9,158,0.057,,,0,1-2
2026,2,NO,Kendre Miller,K Miller,RB,0,84,0.0,0,0,0,0,0,26,158,0.1646,,,0,1-2
2026,2,NO,Treyton Welch,T Welch,TE,0,84,0.0,0,0,0,0,0,15,158,0.0949,,,0,1-2
2026,2,NO,Barion Brown,B Brown,WR,0,84,0.0,0,0,0,0,0,9,158,0.057,,,0,1-2
2026,2,NYG,Isaiah Likely,I Likely,TE,18,61,0.2951,3,0,13,111,2,74,127,0.5827,,,0,1-2
2026,2,NYG,Malik Nabers,M Nabers,WR,13,61,0.2131,2,0,7,70,0,79,127,0.622,,,0,1-2
2026,2,NYG,Malachi Fields,M Fields,WR,10,61,0.1639,0,0,4,55,0,97,127,0.7638,,,0,1-2
2026,2,NYG,Darnell Mooney,D Mooney,WR,5,61,0.082,0,0,4,75,0,81,127,0.6378,,,0,1-2
2026,2,NYG,Theo Johnson,T Johnson,TE,5,61,0.082,0,0,1,9,0,48,127,0.378,,,0,1-2
2026,2,NYG,Devin Singletary,D Singletary,RB,5,61,0.082,2,0,4,22,1,40,127,0.315,,,0,1-2
2026,2,NYG,Cam Skattebo,C Skattebo,RB,4,61,0.0656,0,0,4,19,0,76,127,0.5984,,,0,1-2
2026,2,NYG,Patrick Ricard,P Ricard,FB,1,61,0.0164,0,0,0,0,0,55,127,0.4331,,,0,1-2
2026,2,NYG,Chris Manhertz,C Manhertz,TE,0,61,0.0,0,0,0,0,0,42,127,0.3307,,,0,1-2
2026,2,NYG,Braxton Berrios,B Berrios,WR,0,61,0.0,0,0,0,0,0,17,127,0.1339,,,0,1-2
2026,2,NYG,Odell Beckham Jr.,O Beckham,WR,0,61,0.0,0,0,0,0,0,14,127,0.1102,,,0,1-2
2026,2,NYG,Najee Harris,N Harris,RB,0,61,0.0,0,0,0,0,0,8,127,0.063,,,0,1-2
2026,2,NYG,Tyrone Tracy Jr.,T Tracy,RB,0,61,0.0,0,0,0,0,0,3,127,0.0236,,,0,1-2
2026,2,NYJ,Adonai Mitchell,A Mitchell,WR,15,59,0.2542,0,2,9,123,0,107,141,0.7589,,,0,1-2
2026,2,NYJ,Garrett Wilson,G Wilson,WR,14,59,0.2373,1,0,11,136,1,115,141,0.8156,,,0,1-2
2026,2,NYJ,Isaiah Williams,I Williams,WR,7,59,0.1186,1,0,7,41,0,101,141,0.7163,,,0,1-2
2026,2,NYJ,Breece Hall,B Hall,RB,7,59,0.1186,0,0,7,79,0,87,141,0.617,,,0,1-2
2026,2,NYJ,Kenyon Sadiq,K Sadiq,TE,6,59,0.1017,0,0,5,38,0,55,141,0.3901,,,0,1-2
2026,2,NYJ,Mason Taylor,M Taylor,TE,3,59,0.0508,0,1,2,-2,0,78,141,0.5532,,,0,1-2
2026,2,NYJ,Jeremy Ruckert,J Ruckert,TE,3,59,0.0508,0,0,3,9,0,54,141,0.383,,,0,1-2
2026,2,NYJ,Braelon Allen,B Allen,RB,2,59,0.0339,2,0,1,8,0,50,141,0.3546,,,0,1-2
2026,2,NYJ,Omar Cooper Jr.,O Cooper,WR,1,59,0.0169,0,0,1,30,0,5,141,0.0355,,,0,1-2
2026,2,NYJ,Arian Smith,A Smith,WR,1,59,0.0169,0,1,0,0,0,3,141,0.0213,,,0,1-2
2026,2,NYJ,Jelani Woods,J Woods,TE,0,59,0.0,0,0,0,0,0,37,141,0.2624,,,0,1-2
2026,2,NYJ,Andrew Beck,A Beck,FB,0,59,0.0,0,0,0,0,0,13,141,0.0922,,,0,1-2
2026,2,PHI,DeVonta Smith,D Smith,WR,19,56,0.3393,1,0,13,170,1,119,131,0.9084,,,0,1-2
2026,2,PHI,Dontayvion Wicks,D Wicks,WR,10,56,0.1786,2,1,7,147,1,97,131,0.7405,,,0,1-2
2026,2,PHI,Dallas Goedert,D Goedert,TE,7,56,0.125,2,0,5,81,2,71,131,0.542,,,0,1-2
2026,2,PHI,Makai Lemon,M Lemon,WR,5,56,0.0893,0,0,4,9,0,83,131,0.6336,,,0,1-2
2026,2,PHI,Saquon Barkley,S Barkley,RB,4,56,0.0714,0,0,2,8,0,51,131,0.3893,,,0,1-2
2026,2,PHI,Johnny Mundt,J Mundt,TE,3,56,0.0536,0,0,2,8,0,69,131,0.5267,,,0,1-2
2026,2,PHI,Will Shipley,W Shipley,RB,3,56,0.0536,0,0,3,13,0,49,131,0.374,,,0,1-2
2026,2,PHI,Darius Cooper,D Cooper,WR,3,56,0.0536,1,0,2,26,1,39,131,0.2977,,,0,1-2
2026,2,PHI,Tank Bigsby,T Bigsby,RB,2,56,0.0357,0,0,2,5,0,32,131,0.2443,,,0,1-2
2026,2,PHI,E.J. Jenkins,E Jenkins,TE,0,56,0.0,0,0,0,0,0,26,131,0.1985,,,0,1-2
2026,2,PHI,Marquise Brown,M Brown,WR,0,56,0.0,0,0,0,0,0,17,131,0.1298,,,0,1-2
2026,2,PIT,DK Metcalf,D Metcalf,WR,19,74,0.2568,0,3,8,67,0,132,137,0.9635,,,0,1-2
2026,2,PIT,Roman Wilson,R Wilson,WR,12,74,0.1622,0,0,8,54,0,92,137,0.6715,,,0,1-2
2026,2,PIT,Pat Freiermuth,P Freiermuth,TE,10,74,0.1351,2,0,9,78,1,95,137,0.6934,,,0,1-2
2026,2,PIT,Jaylen Warren,J Warren,RB,10,74,0.1351,2,0,7,61,0,75,137,0.5474,,,0,1-2
2026,2,PIT,Germie Bernard,G Bernard,WR,8,74,0.1081,1,1,4,35,0,58,137,0.4234,,,0,1-2
2026,2,PIT,Rico Dowdle,R Dowdle,RB,7,74,0.0946,0,0,4,28,0,57,137,0.4161,,,0,1-2
2026,2,PIT,Darnell Washington,D Washington,TE,4,74,0.0541,0,0,3,25,0,80,137,0.5839,,,0,1-2
2026,2,PIT,Michael Pittman,M Pittman,WR,3,74,0.0405,0,0,3,58,0,59,137,0.4307,,,0,1-2
2026,2,PIT,Ben Skowronek,B Skowronek,WR,1,74,0.0135,0,0,1,2,0,15,137,0.1095,,,0,1-2
2026,2,PIT,Riley Nowakowski,R Nowakowski,FB,0,74,0.0,0,0,0,0,0,10,137,0.073,,,0,1-2
2026,2,PIT,Robert Tonyan,R Tonyan,TE,0,74,0.0,0,0,0,0,0,4,137,0.0292,,,0,1-2
2026,2,PIT,Eli Heidenreich,E Heidenreich,RB,0,74,0.0,0,0,0,0,0,3,137,0.0219,,,0,1-2
2026,2,PIT,Travis Homer,T Homer,RB,0,74,0.0,0,0,0,0,0,2,137,0.0146,,,0,1-2
2026,2,SEA,Jaxon Smith-Njigba,J Smith-Njigba,WR,22,50,0.44,6,1,17,277,4,92,120,0.7667,,,0,1-2
2026,2,SEA,Rashid Shaheed,R Shaheed,WR,9,50,0.18,0,1,4,39,0,72,120,0.6,,,0,1-2
2026,2,SEA,Cooper Kupp,C Kupp,WR,5,50,0.1,0,0,4,55,0,69,120,0.575,,,0,1-2
2026,2,SEA,Jadarian Price,J Price,RB,4,50,0.08,0,0,3,14,0,48,120,0.4,,,0,1-2
2026,2,SEA,AJ Barner,A Barner,TE,3,50,0.06,0,0,3,21,0,100,120,0.8333,,,0,1-2
2026,2,SEA,Brady Russell,B Russell,FB,2,50,0.04,0,0,2,20,0,48,120,0.4,,,0,1-2
2026,2,SEA,George Holani,G Holani,RB,2,50,0.04,1,0,1,2,0,41,120,0.3417,,,0,1-2
2026,2,SEA,Emanuel Wilson,E Wilson,RB,1,50,0.02,1,0,0,0,0,32,120,0.2667,,,0,1-2
2026,2,SEA,Eric Saubert,E Saubert,TE,1,50,0.02,1,0,1,-10,0,27,120,0.225,,,0,1-2
2026,2,SEA,Elijah Arroyo,E Arroyo,TE,1,50,0.02,0,0,1,17,0,26,120,0.2167,,,0,1-2
2026,2,SEA,Tory Horton,T Horton,WR,0,50,0.0,0,0,0,0,0,22,120,0.1833,,,0,1-2
2026,2,SEA,Nick Kallerup,N Kallerup,TE,0,50,0.0,0,0,0,0,0,19,120,0.1583,,,0,1-2
2026,2,SF,Christian McCaffrey,C McCaffrey,RB,12,55,0.2182,1,0,9,63,0,63,117,0.5385,,,0,1-2
2026,2,SF,Deebo Samuel Sr.,D Samuel,WR,11,55,0.2,3,2,9,79,1,58,117,0.4957,,,0,1-2
2026,2,SF,Mike Evans,M Evans,WR,10,55,0.1818,2,1,9,103,1,77,117,0.6581,,,0,1-2
2026,2,SF,George Kittle,G Kittle,TE,9,55,0.1636,3,0,6,92,1,55,117,0.4701,,,0,1-2
2026,2,SF,Demarcus Robinson,D Robinson,WR,6,55,0.1091,2,0,5,84,1,57,117,0.4872,,,0,1-2
2026,2,SF,Luke Farrell,L Farrell,TE,2,55,0.0364,0,0,2,19,0,74,117,0.6325,,,0,1-2
2026,2,SF,Kyle Juszczyk,K Juszczyk,FB,2,55,0.0364,1,0,2,27,1,56,117,0.4786,,,0,1-2
2026,2,SF,Jake Brendel,J Brendel,OL,1,55,0.0182,0,0,1,2,0,109,117,0.9316,,,0,1-2
2026,2,SF,Kaelon Black,K Black,RB,1,55,0.0182,0,0,1,5,0,45,117,0.3846,,,0,1-2
2026,2,SF,KhaDarel Hodge,K Hodge,WR,1,55,0.0182,0,0,1,18,0,21,117,0.1795,,,0,1-2
2026,2,SF,Jacob Cowing,J Cowing,WR,0,55,0.0,0,0,0,0,0,29,117,0.2479,,,0,1-2
2026,2,SF,De'Zhaun Stribling,D Stribling,WR,0,55,0.0,0,0,0,0,0,21,117,0.1795,,,0,1-2
2026,2,SF,Brayden Willis,B Willis,TE,0,55,0.0,0,0,0,0,0,13,117,0.1111,,,0,1-2
2026,2,SF,Jake Tonges,J Tonges,TE,0,55,0.0,0,0,0,0,0,8,117,0.0684,,,0,1-2
2026,2,SF,Jordan James,J James,RB,0,55,0.0,0,0,0,0,0,8,117,0.0684,,,0,1-2
2026,2,TB,Cade Otton,C Otton,TE,11,60,0.1833,1,1,8,64,0,114,122,0.9344,,,0,1-2
2026,2,TB,Emeka Egbuka,E Egbuka,WR,11,60,0.1833,1,0,8,79,1,105,122,0.8607,,,0,1-2
2026,2,TB,Bucky Irving,B Irving,RB,11,60,0.1833,2,0,11,49,0,86,122,0.7049,,,0,1-2
2026,2,TB,Ted Hurst III,T Hurst,WR,10,60,0.1667,2,0,5,63,0,91,122,0.7459,,,0,1-2
2026,2,TB,Chris Godwin Jr.,C Godwin,WR,7,60,0.1167,0,0,7,86,0,105,122,0.8607,,,0,1-2
2026,2,TB,Kenny Gainwell,K Gainwell,RB,5,60,0.0833,1,1,4,8,0,49,122,0.4016,,,0,1-2
2026,2,TB,Tez Johnson,T Johnson,WR,5,60,0.0833,2,0,1,49,0,32,122,0.2623,,,0,1-2
2026,2,TB,Payne Durham,P Durham,TE,0,60,0.0,0,0,0,0,0,11,122,0.0902,,,0,1-2
2026,2,TB,Jalen McMillan,J McMillan,WR,0,60,0.0,0,0,0,0,0,7,122,0.0574,,,0,1-2
2026,2,TB,Kameron Johnson,K Johnson,WR,0,60,0.0,0,0,0,0,0,5,122,0.041,,,0,1-2
2026,2,TB,Bauer Sharp,B Sharp,TE,0,60,0.0,0,0,0,0,0,4,122,0.0328,,,0,1-2
2026,2,TB,Ko Kieft,K Kieft,TE,0,60,0.0,0,0,0,0,0,1,122,0.0082,,,0,1-2
2026,2,TEN,Carnell Tate,C Tate,WR,11,45,0.2444,0,0,7,65,0,84,103,0.8155,,,0,1-2
2026,2,TEN,Gunnar Helm,G Helm,TE,7,45,0.1556,2,0,6,41,0,84,103,0.8155,,,0,1-2
2026,2,TEN,Wan'Dale Robinson,W Robinson,WR,7,45,0.1556,0,0,6,47,0,69,103,0.6699,,,0,1-2
2026,2,TEN,Elic Ayomanor,E Ayomanor,WR,6,45,0.1333,3,0,3,80,1,54,103,0.5243,,,0,1-2
2026,2,TEN,Tyjae Spears,T Spears,RB,6,45,0.1333,0,1,4,41,0,44,103,0.4272,,,0,1-2
2026,2,TEN,Tony Pollard,T Pollard,RB,3,45,0.0667,0,0,2,0,0,55,103,0.534,,,0,1-2
2026,2,TEN,Calvin Ridley,C Ridley,WR,2,45,0.0444,0,0,2,35,0,65,103,0.6311,,,0,1-2
2026,2,TEN,Daniel Bellinger,D Bellinger,TE,2,45,0.0444,0,0,1,7,0,38,103,0.3689,,,0,1-2
2026,2,TEN,Chimere Dike,C Dike,WR,1,45,0.0222,0,0,1,7,0,6,103,0.0583,,,0,1-2
2026,2,TEN,David Martin-Robinson,D Martin-Robinson,TE,0,45,0.0,0,0,0,0,0,7,103,0.068,,,0,1-2
2026,2,TEN,Nicholas Singleton,N Singleton,RB,0,45,0.0,0,0,0,0,0,6,103,0.0583,,,0,1-2
2026,2,WAS,Stefon Diggs,S Diggs,WR,15,63,0.2381,3,1,9,102,3,80,141,0.5674,,,0,1-2
2026,2,WAS,Terry McLaurin,T McLaurin,WR,13,63,0.2063,2,1,4,64,0,111,141,0.7872,,,0,1-2
2026,2,WAS,Dyami Brown,D Brown,WR,8,63,0.127,1,0,4,21,0,76,141,0.539,,,0,1-2
2026,2,WAS,Rachaad White,R White,RB,8,63,0.127,1,0,8,45,0,66,141,0.4681,,,0,1-2
2026,2,WAS,Antonio Williams,A Williams,WR,7,63,0.1111,2,0,7,88,1,61,141,0.4326,,,0,1-2
2026,2,WAS,John Bates,J Bates,TE,3,63,0.0476,1,0,2,13,0,56,141,0.3972,,,0,1-2
2026,2,WAS,Chig Okonkwo,C Okonkwo,TE,3,63,0.0476,0,0,2,16,0,39,141,0.2766,,,0,1-2
2026,2,WAS,Jacory Croskey-Merritt,J Croskey-Merritt,RB,2,63,0.0317,0,0,2,-2,0,60,141,0.4255,,,0,1-2
2026,2,WAS,Ben Sinnott,B Sinnott,TE,1,63,0.0159,0,0,1,6,0,66,141,0.4681,,,0,1-2
2026,2,WAS,Jaylin Lane,J Lane,WR,1,63,0.0159,0,0,1,4,0,29,141,0.2057,,,0,1-2
2026,2,WAS,Colson Yankoff,C Yankoff,TE,1,63,0.0159,0,0,1,14,0,23,141,0.1631,,,0,1-2
2026,2,WAS,Treylon Burks,T Burks,WR,1,63,0.0159,0,0,0,0,0,21,141,0.1489,,,0,1-2
2026,2,WAS,Kaytron Allen,K Allen,RB,0,63,0.0,0,0,0,0,0,13,141,0.0922,,,0,1-2
